filename,L0_abs_mean,L0_mean_square,L0_std_dev,L0_median,L1_abs_mean,L1_mean_square,L1_std_dev,L1_median,L2_abs_mean,L2_mean_square,L2_std_dev,L2_median,L3_abs_mean,L3_mean_square,L3_std_dev,L3_median,L4_abs_mean,L4_mean_square,L4_std_dev,L4_median,L5_abs_mean,L5_mean_square,L5_std_dev,L5_median,label
c_05_80,12444.001,271853440.0,16487.979,-15.622131,5497.8115,58962188.0,7678.681,-5.9903336,2681.4062,14838730.0,3852.105,5.4785423,1039.4846,2351332.0,1533.4042,-3.1337204,232.44759,122230.016,349.61404,0.038217545,56.514004,8373.684,91.50783,0.028712273,0
c_05_81,5527.2056,65378556.0,8085.7,9.456181,5178.407,45979790.0,6780.84,-25.68489,2373.4497,10198205.0,3193.4612,34.9253,1155.7921,2357990.0,1535.575,-1.8980713,283.1219,145501.25,381.44623,-0.19312477,44.370823,4529.6484,67.302666,0.004161358,0
c_05_82,14075.358,376719140.0,19409.254,-5.82251,7039.435,84758760.0,9206.451,55.177235,3619.3171,24293444.0,4928.83,-15.15361,1592.3022,4771276.5,2184.3223,-5.749363,350.58664,244005.02,493.9686,-0.44103622,67.61151,10063.261,100.3158,0.03284836,0
c_05_83,5300.9644,119948470.0,10952.097,0.0,2691.695,22654570.0,4759.6816,0.0,1280.6373,5028592.0,2242.452,0.0,567.2089,1026171.8,1013.0014,0.0,147.39989,76517.8,276.61847,0.0,31.414213,4378.307,66.16878,0.0,0
c_05_84,4019.331,40547292.0,6367.673,-6.27752,3672.9446,27518626.0,5245.8193,20.196392,1863.991,6965345.5,2639.1943,-1.7624028,831.9567,1414049.1,1189.1371,3.7713423,227.5893,109850.83,331.43747,-0.27079916,49.810272,6567.0337,81.03723,-0.041542053,0
c_05_85,2922.6074,26488040.0,5146.653,-22.779358,3272.9568,21117324.0,4595.358,-0.62791634,1929.4768,7067604.5,2658.4966,7.550884,886.04645,1528104.2,1236.1649,4.522352,229.73215,105113.65,324.21234,-0.2154808,46.751316,5141.2925,71.702805,-0.04531288,0
c_05_86,6884.651,77939270.0,8828.321,115.481384,4130.327,32102062.0,5665.867,38.856888,2108.5222,8642833.0,2939.8677,1.7617474,936.10223,1810306.4,1345.4742,1.7903175,264.09827,141150.52,375.69986,-0.5306206,61.947243,8798.96,93.80278,-0.13787079,0
c_05_87,4197.326,40937924.0,6398.065,0.0,2601.1033,17099158.0,4135.1084,0.0,1275.0447,4241683.0,2059.5342,0.0,517.0013,783434.8,885.1183,0.0,131.69722,58890.805,242.67424,0.0,28.348772,3794.9692,61.60332,0.0,0
c_05_88,3302.1948,30772770.0,5546.0664,94.8725,1224.6486,4571829.0,2138.1821,-1.4227648,537.75525,901062.8,949.2432,-0.36343688,150.51198,83176.58,288.40344,-0.022528231,26.86485,3103.8064,55.711807,-0.026224613,4.1647553,74.137924,8.610338,-0.0046100616,0
c_05_89,1226.3685,3920641.8,1977.4059,68.51021,421.95468,422519.88,650.0151,-0.7247647,217.91592,108992.8,330.14056,0.35938638,44.90003,4570.995,67.60914,0.31204867,6.37402,112.410965,10.602403,0.014421344,1.5120529,5.984716,2.4463677,0.0008533001,0
c_05_90,1157.3192,3239238.2,1798.8586,29.25309,414.05176,385024.38,620.50305,0.16723499,163.22061,71854.95,268.05774,0.0293791,34.7057,3352.5457,57.901173,-0.011598326,5.701376,95.62018,9.778551,-0.0035009831,1.2382828,3.8451314,1.9609007,0.0004262179,0
c_05_91,1494.0585,5090064.0,2254.346,77.166336,650.9558,900582.6,948.9901,1.4534185,251.04716,144610.03,380.27618,-0.0732766,62.97659,11020.548,104.97878,-0.063153505,11.76638,434.93515,20.855093,0.005193591,2.170948,14.960382,3.8678653,0.00016355515,0
c_05_92,1823.8375,9405254.0,3065.3103,27.135859,579.7645,1146205.8,1070.61,0.062626846,227.24597,207544.86,455.57065,0.013260998,58.688145,12972.929,113.89878,-0.0018610954,9.7919235,344.23492,18.553568,-0.004454732,1.8369267,9.688185,3.1125848,-0.0010527,0
c_05_93,400.11942,294893.44,541.4676,38.834118,82.60832,11971.752,109.41536,0.31990814,24.375465,1012.6049,31.821419,-0.13586825,5.9355397,58.50637,7.648943,0.029617548,1.5582521,3.8716905,1.9676572,0.0037252456,0.6470958,0.6650556,0.81550944,-0.000187397,0
c_05_94,640.1248,772114.9,877.1784,52.08246,255.99052,145324.98,381.21512,0.9042901,76.312675,12704.244,112.71309,-0.1373966,18.781195,742.76056,27.253632,0.026205689,3.3099232,20.712238,4.551064,0.012655437,0.80218786,1.0574024,1.0283006,-0.0004734993,0
c_05_95,848.0416,1297263.6,1137.1671,65.801476,422.30872,330825.56,575.1744,2.9059281,126.950035,30494.793,174.62753,0.28709295,31.507818,1922.3546,43.84465,0.037625313,5.2741,54.37083,7.3736553,0.0051735193,1.050162,1.9308192,1.3895392,-0.00018298626,0
c_05_96,1000.59784,1715011.4,1307.808,69.56668,615.10815,680724.94,825.05994,-1.7517868,260.43344,116817.72,341.78595,1.4858685,89.81944,14166.59,119.02348,-0.12146568,16.191788,461.4845,21.482191,0.011601448,2.2522168,8.937431,2.9895537,0.00042700768,0
c_05_97,3630.689,25541566.0,5052.7466,89.92712,2018.2609,7786530.5,2790.4348,-0.22900593,1102.8754,2469571.0,1571.4866,3.3362393,329.79114,213804.78,462.3902,-1.0728283,59.120625,7593.7314,87.14201,0.02215004,9.398019,217.30144,14.741148,-0.0022201538,0
c_05_98,4681.86,37036590.0,6084.5,109.86153,2651.4463,11746396.0,3427.289,-13.558036,1527.8524,4071192.0,2017.7188,-0.46723175,385.03748,273982.7,523.4335,0.5114479,66.268295,9208.437,95.9606,-0.22391987,9.485735,215.80536,14.690315,-0.0052375197,0
c_05_99,3001.7646,20293720.0,4503.7446,55.405037,2007.5378,8778958.0,2962.9302,-0.8479273,1128.8251,2866676.8,1693.1255,-2.6291962,328.48703,253525.78,503.51343,-0.5659628,62.40234,9758.488,98.78506,-0.014497101,9.440982,232.75249,15.2562275,-0.0014784932,0
c_05_100,3084.531,27396740.0,5233.607,51.548985,1741.5127,7900994.0,2810.8706,1.3138273,932.0013,1955047.6,1398.2302,2.5769825,434.91592,465912.16,682.57764,0.43979633,77.350845,15787.644,125.64886,-0.14462435,11.3281145,409.14493,20.227331,-0.0033197403,0
c_05_101,1619.914,7676904.5,2770.191,28.935408,1284.9946,4193131.2,2047.7072,0.98591816,716.0813,1152191.5,1073.3961,-0.6196051,427.0153,428601.53,654.67664,-0.77002805,60.647488,9309.401,96.48524,-0.04428959,7.2194343,163.21388,12.775518,-0.0027256012,0
c_05_102,1394.8397,5799524.0,2407.5396,51.535393,757.6647,1628558.6,1276.1492,-0.97189355,555.13617,651833.6,807.35144,4.6392007,253.74849,137851.33,371.28333,-0.09335327,37.62275,3117.9626,55.838703,-0.103893995,4.7444134,70.85191,8.417357,-0.00013804436,0
c_05_103,3142.8599,19767086.0,4445.219,54.90251,1920.8625,7220633.0,2687.1135,-2.5671,929.543,1618303.6,1272.1139,9.255351,356.9567,245063.67,495.03906,-1.0821023,58.811935,6497.134,80.604805,-0.032510757,8.51989,150.05278,12.249603,0.0006148815,0
c_05_104,3161.5637,21492192.0,4635.2144,54.824463,2867.0815,20820024.0,4562.862,22.464842,1162.9149,3438720.5,1854.3774,-2.8097458,367.22946,357148.6,597.6191,0.15777111,60.50844,9528.392,97.61345,0.061944008,9.259749,241.15186,15.529065,0.000108242035,0
c_05_105,2846.0461,17361946.0,4166.112,59.416016,2926.783,19728418.0,4441.6494,-26.649853,1599.0388,5344588.5,2311.8196,18.51133,668.33386,925722.6,962.14484,-0.90317535,100.11624,20167.645,142.01283,0.054096222,15.850971,592.74304,24.346315,-0.006986141,0
c_05_106,8143.7603,115539600.0,10748.655,79.81315,8056.2207,127026104.0,11270.584,-16.387512,3053.2449,16992156.0,4122.1523,0.90562916,889.862,1408216.4,1186.6827,-1.9872475,181.78156,65604.43,256.13358,-0.97056633,27.688633,1690.7457,41.11868,-0.20968533,0
c_05_107,1181.2214,8931929.0,2988.577,3.2499104,878.18427,12067422.0,3473.8167,0.1073086,327.59796,1429071.2,1195.4375,-0.065694645,94.32021,113564.72,336.99365,0.000877887,22.425423,6958.8857,83.41994,-0.00058043003,4.10271,161.98152,12.727196,-0.001903683,0
c_05_108,1524.2976,4433718.5,2105.3982,32.966835,726.3035,1261204.2,1123.0333,-6.5453777,524.661,619519.3,787.09534,0.3512175,222.60197,137900.28,371.34927,-0.20606017,33.875305,2724.789,52.199512,-0.057362556,6.0603876,97.95909,9.8974285,-0.0075542927,0
c_05_109,2620.6667,12777690.0,3574.3206,62.38479,2265.709,11666254.0,3415.563,8.382103,1522.3082,4875632.0,2208.0806,0.18816876,663.3711,922156.06,960.28925,0.94246864,102.74641,21721.871,147.38342,-0.040421486,20.864012,1195.7915,34.58022,-0.0064172745,0
c_05_110,4117.1475,30547406.0,5526.7173,93.86493,2766.2502,17312444.0,4160.803,-9.883804,1698.9442,7551271.5,2747.9536,-2.9234018,718.0284,1402147.6,1184.1232,-0.85973644,163.87871,79008.5,281.0845,0.00784421,42.869656,8321.395,91.22168,0.0064157248,0
c_05_111,3208.6797,17889684.0,4229.351,52.879303,1591.9965,4474751.5,2115.3594,-9.996543,818.813,1179973.4,1086.2643,4.0577154,304.44913,172789.23,415.67874,-0.47047234,69.75411,9791.786,98.95345,-0.034949303,11.3954735,273.514,16.53826,-0.004207492,0
c_05_112,2892.1663,14560781.0,3815.6604,51.39289,1535.4761,4090643.8,2022.5334,6.348233,792.7354,1106826.0,1052.0566,-6.017008,268.90607,130541.914,361.30576,-0.03174591,59.922276,6933.815,83.26953,-0.087611794,10.127961,212.62122,14.581537,0.0039200783,0
c_05_113,2518.2961,19868598.0,4457.3926,-9.5055485,1223.358,7914687.0,2813.305,7.359486,554.3098,1496385.0,1223.2681,0.34717113,168.8681,129936.3,360.46674,-0.015191674,38.172337,7207.738,84.89835,0.0004746914,6.8174596,252.94041,15.9041,-0.00018393993,0
c_05_114,7209.477,87885670.0,9374.688,54.09154,6155.528,72027540.0,8486.867,-12.377209,2483.0686,11569288.0,3401.3572,19.609053,747.4913,1033987.2,1016.85175,0.338192,147.90967,44136.633,210.08719,-0.27352905,23.644648,1289.1823,35.905186,-0.044843674,0
c_05_115,4588.9614,41152544.0,6414.9614,6.207947,3321.644,26887850.0,5185.337,2.97193,1343.5328,4197276.0,2048.7249,0.2969529,401.65945,347801.1,589.7466,-0.016109973,74.44691,12567.645,112.10551,-0.069072664,11.463903,323.53076,17.986961,-0.007927179,0
c_05_116,4935.306,43940864.0,6628.712,46.406433,4195.989,36793380.0,6065.753,2.9340363,1600.8093,5293121.5,2300.6772,5.557577,507.7173,486656.75,697.60785,0.23626423,95.699326,17159.086,130.99269,-0.072006226,14.531878,446.67047,21.134579,-0.014749527,0
c_05_117,3771.6697,27531606.0,5246.9614,49.365387,2977.135,20293380.0,4504.8164,1.3857539,1039.8765,2373473.2,1540.6056,-3.9968581,318.07407,212147.44,460.59464,0.5757854,59.616924,7581.747,87.07322,0.0073719025,8.892157,176.16504,13.272717,-0.0025959015,0
c_05_118,3804.2139,35396780.0,5949.5063,-2.3599358,3295.194,31136926.0,5580.0,-1.4279572,1222.7203,4184523.5,2045.6097,0.12859225,347.18698,328840.94,573.4465,-0.14798522,72.99692,14894.718,122.04393,0.025254011,11.975022,422.15698,20.54646,0.00076407194,0
c_05_119,2730.8538,19849846.0,4455.3076,8.966561,1752.7026,10977923.0,3313.295,3.4527676,610.8985,1383520.6,1176.2314,-0.4615744,197.73811,145156.0,380.99338,0.018116474,37.30747,4863.1875,69.73656,0.0090510845,5.6644325,107.64513,10.3752165,-0.0014064312,0
c_05_120,4688.1426,50947740.0,7137.7686,1.6855984,4899.3784,61420930.0,7837.121,0.12880078,1701.6633,7635720.0,2763.2678,-0.2740245,388.83658,402001.28,634.0356,-0.07039642,69.68219,13143.363,114.6445,0.027470473,10.728898,361.18646,19.004906,-0.0007492602,0
c_05_121,1119.3712,3032510.0,1741.4,5.918766,1212.5972,3610053.2,1900.012,4.859852,426.0735,491828.28,701.3047,0.17618936,79.67709,21503.328,146.64006,-0.20174217,14.641614,848.2489,29.124712,0.07639933,2.9638417,36.074043,6.006167,0.0024823546,0
c_05_122,5392.81,50160084.0,7082.378,-27.7052,4639.4204,41555548.0,6446.358,-7.416706,1906.1233,6898003.5,2626.4043,3.612856,558.0976,545486.75,738.57056,-0.38359547,110.70414,21472.547,146.53513,-0.09881592,18.485092,675.42957,25.989027,-0.0056352615,0
c_05_123,6090.9707,63090176.0,7942.927,-21.22986,5744.1807,63263416.0,7953.817,-30.68957,2300.5718,10074404.0,3174.0188,1.5060911,643.82196,739772.25,860.1,-2.362276,125.99777,27938.766,167.14896,-0.058732986,20.628756,795.86694,28.211113,0.026706696,0
c_05_124,6359.6616,68352776.0,8267.562,-22.5932,6322.773,76144430.0,8726.073,6.7708683,2517.3962,12093741.0,3477.6006,-8.910564,703.5479,870855.2,933.1962,-0.500576,130.67096,29301.238,171.176,-0.21677971,20.613544,769.53723,27.740534,0.0007343292,0
c_05_125,3400.7827,33279386.0,5768.828,3.5945232,3370.1836,39960890.0,6321.4624,-0.18673348,1317.8486,6117134.0,2473.2842,0.07992625,338.23648,389358.88,623.98615,-0.008671284,65.37989,13828.056,117.59273,-0.011021376,11.023204,395.48157,19.886719,0.0023263693,0
c_05_126,2025.6842,8024598.5,2832.756,-7.345606,1830.8558,7036049.0,2652.551,-8.318716,666.8746,1010551.75,1005.26184,0.73140335,145.07115,56535.62,237.77214,-0.09762311,25.353659,1983.7014,44.538757,-0.019231796,4.3443503,74.74846,8.64572,-0.0032141209,0
c_05_127,1224.251,3446153.0,1856.3778,-4.645501,1059.4769,3110241.0,1763.5845,-1.675932,501.59708,685196.06,827.7603,-0.23363647,188.79703,115583.58,339.97586,0.10416358,29.61122,2579.6597,50.790337,0.010075547,4.506514,69.50122,8.33674,-0.0019036457,0
c_05_128,4554.833,41774948.0,6463.331,-14.603088,3831.6123,31437966.0,5606.951,0.10413599,1782.811,6061846.0,2462.0813,12.52858,623.8326,756181.25,869.58685,0.5467386,95.71444,17620.955,132.74393,-0.051740646,13.843304,391.47003,19.785603,-0.030553102,0
c_05_129,4531.6465,42853692.0,6546.218,-39.45028,3420.0479,27393250.0,5233.7515,-9.179299,1343.6855,4119370.8,2029.6218,-2.6405075,331.52338,309538.72,556.36194,-0.1634078,62.2112,11207.724,105.86653,0.02260828,10.90125,348.49805,18.668102,0.008344173,0
c_05_130,1984.7793,7282791.5,2698.6377,-10.039967,2228.3496,12003673.0,3464.6316,-2.2104104,956.92804,1992112.0,1411.4176,4.705368,457.15582,382977.16,618.8515,-0.7085123,61.76506,6968.5005,83.47754,-0.016374111,8.086018,132.07423,11.492357,0.014080524,0
c_05_131,1968.0701,9823545.0,3134.2507,-3.3660202,1897.2633,11086394.0,3329.6228,3.8909583,695.8941,1580429.8,1257.1478,-0.014683127,242.35822,210547.98,458.85507,-0.021320388,42.62313,7037.7285,83.891174,-0.012113025,8.410313,407.21503,20.17957,0.0025185347,0
c_05_132,7961.665,105277410.0,10260.433,-19.310608,6870.1206,88540750.0,9409.594,-11.189878,2940.3613,15939856.0,3992.4736,5.6581745,961.2884,1650765.2,1284.8212,3.2006989,252.10414,117798.27,343.21753,0.42881107,59.91771,7904.6255,88.90796,-0.16711903,0
c_05_133,7986.3237,112042080.0,10584.874,-56.23874,7001.4736,102825224.0,10140.277,20.596966,3038.287,18808476.0,4336.873,-12.5782995,890.74695,1546437.8,1243.5577,0.4544332,239.23196,133329.19,365.14252,-0.1424017,58.18806,12065.969,109.84521,-0.028629303,0
c_05_134,5315.6777,70927960.0,8421.813,0.0,3171.5852,32616220.0,5711.061,0.0,1505.9445,6768513.5,2601.6357,0.0,627.7965,1099772.5,1048.7003,0.0,211.6775,137578.81,370.91617,0.0,62.2728,15916.745,126.16158,0.0,0
c_05_135,2609.7073,13568008.0,3683.477,6.9632416,1555.1456,5031814.0,2243.1707,-1.7025468,244.33565,131619.47,362.79395,-0.8230442,28.78296,2182.0457,46.71237,-0.053120494,2.2014894,13.868095,3.723989,0.0017075539,0.32522237,0.24574496,0.49572638,-4.7683716e-06,0
c_05_136,2305.2449,10084466.0,3175.6042,-7.7644806,1263.018,3281079.8,1811.3751,1.002197,272.9842,158865.16,398.57892,0.084916115,28.027407,1788.6897,42.292904,-0.016186714,2.0703304,10.64195,3.2621999,0.00063705444,0.32158333,0.20461653,0.45234567,-9.536743e-07,0
c_05_137,2070.0806,8174416.0,2859.0925,12.789452,1164.1937,2834447.2,1683.5815,1.7750226,227.34978,122451.95,349.93137,-0.016883552,26.629683,2118.0933,46.022747,-0.037899226,1.9994737,12.634096,3.5544472,0.0010163784,0.3266837,0.18583556,0.4310864,4.6491623e-06,0
c_05_138,1643.4366,5581042.0,2362.4226,13.222675,1224.5724,3121080.2,1766.6575,-1.2067628,276.95657,165802.27,407.18823,-0.3336966,25.772009,1605.6781,40.070915,0.009799957,1.8448797,8.906198,2.9843254,0.002210617,0.3185191,0.17451188,0.41774625,1.4305115e-06,0
c_05_139,1696.9818,5734665.0,2394.7153,-2.0529456,1263.8292,3318177.2,1821.5862,0.6066847,244.05003,153214.02,391.4256,-0.39497617,28.079742,2713.083,52.087265,-0.03641364,2.0954766,15.507326,3.9379346,-0.0042514205,0.33030266,0.18857989,0.43425766,-0.00046563148,0
c_05_140,2428.367,11266230.0,3356.5195,-11.044426,1427.239,4283759.5,2069.7244,-7.940323,306.09927,210126.4,458.39548,0.6352138,34.114002,2883.0652,53.694183,-0.017226342,2.5905685,18.952915,4.353494,0.0016241074,0.3443671,0.21494977,0.4636266,1.1444092e-05,0
c_05_141,2309.5796,10008035.0,3163.547,3.415722,1545.8378,4775089.5,2185.1975,8.427588,323.53006,244802.03,494.77472,-0.9469309,39.890347,5090.9614,71.350975,-0.08145666,3.0600638,31.75566,5.6352158,-0.0003437996,0.3541468,0.23852772,0.48839295,3.5762787e-07,0
c_05_142,2251.399,9005013.0,3000.834,24.168518,1549.292,4934779.0,2221.436,-17.896454,334.15253,264088.84,513.89575,-1.8600035,39.48419,4950.841,70.36221,0.026746035,3.0321555,31.704908,5.630711,-0.0029649734,0.35766137,0.24714091,0.49713266,-1.0728836e-06,0
c_05_143,2810.5408,28156000.0,5306.2227,0.0,1748.7253,12058582.0,3472.5303,0.0,918.8686,3332702.5,1825.5684,0.0,435.59247,805407.3,897.4448,0.0,122.540215,70089.07,264.7434,0.0,19.091204,1766.8268,42.03364,0.0,0
c_05_144,8118.9775,125508904.0,11203.073,-43.775703,4187.504,29813704.0,5460.1562,18.718067,2467.4744,10938356.0,3307.314,1.1123219,1127.4232,2328559.5,1525.9619,2.8097878,291.60297,172114.45,414.8668,-0.17296529,44.85952,4422.8315,66.50437,-0.03484726,0
c_05_145,5742.1357,69412296.0,8331.403,-24.278748,3958.2344,27145912.0,5210.1606,-5.808448,2360.1614,9769759.0,3125.6497,-5.9008045,1125.6322,2231012.5,1493.6572,-2.7154245,291.6561,155904.92,394.84796,-0.27158356,47.04279,4219.216,64.95549,0.0913713,0
c_05_146,7794.4316,125993896.0,11224.696,-24.901886,3625.335,23299534.0,4826.9565,2.8701057,2114.5295,8234600.5,2869.5986,2.3393145,938.67926,1655919.5,1286.8234,4.2021713,228.90384,109413.125,330.77655,-0.036372185,34.05235,2608.6064,51.07452,-0.011180878,0
c_05_147,5766.3755,74852910.0,8651.758,-5.476633,3361.1658,24167384.0,4916.031,-1.3364251,2136.9136,9269511.0,3044.5847,-2.5908256,1077.8171,2452843.0,1566.1539,2.3469768,294.44388,193367.62,439.73587,0.09567085,45.06674,4738.4272,68.836235,0.0089969635,0
c_05_148,3376.3381,26098980.0,5100.5796,-103.01223,2313.826,15246637.0,3904.6924,0.0,1102.4764,3635445.5,1906.6841,0.0,441.19928,627712.06,792.2815,0.0,86.04743,26110.607,161.58774,0.0,13.379217,705.13226,26.554327,0.0,0
c_05_149,3708.2908,28008640.0,5280.47,-344.75018,2385.7292,15131855.0,3889.9675,-2.3046255,1255.2532,4672270.5,2161.5435,-0.23837626,494.73267,783904.9,885.384,-0.057352066,94.39306,30584.861,174.88525,0.07202721,13.9451685,725.57806,26.936558,-6.5624714e-05,0
c_05_150,2713.4565,17835896.0,4210.9077,-301.22763,1868.5479,9046692.0,3007.772,2.4837966,925.3846,2394650.0,1547.4657,-3.364272,384.14938,426196.06,652.8368,0.19050932,77.94877,18163.818,134.7732,-0.12742043,11.946875,453.41986,21.293657,-0.012031794,0
c_05_151,4075.7239,31456050.0,5595.0005,-350.62747,2944.8342,20195026.0,4493.886,9.834295,1429.0511,4749567.5,2179.35,-1.4111962,580.9467,834260.6,913.3788,-0.23007584,115.95753,35404.89,188.16188,0.025354385,17.715374,905.90015,30.098175,0.0060291514,0
c_05_152,3643.2336,28428056.0,5320.792,-305.63913,2411.2407,16106062.0,4013.2356,1.8560648,1293.0265,5043433.5,2245.7585,0.13761377,515.63104,879358.5,937.741,0.4068923,104.940636,39762.51,199.4054,-0.018181443,15.32031,907.9682,30.132511,0.0017015934,0
c_05_153,2600.526,14983606.0,3856.92,-332.64883,1558.0548,7106978.0,2665.8909,6.362728,763.36285,1763982.2,1328.1493,2.5842762,300.642,281864.47,530.9089,-0.24316406,61.702686,12839.447,113.31122,-0.07005024,10.086778,376.0809,19.392805,-0.005356312,0
c_05_154,3630.162,31272166.0,5581.5435,-338.76215,2079.033,10751146.0,3278.8928,-1.2994913,1041.7904,2871906.2,1694.6699,-1.2166305,436.9864,589759.0,767.957,0.40849018,89.57494,26433.324,162.58325,0.071715355,13.65908,655.67975,25.606245,-0.002196312,0
c_05_155,3419.102,29810346.0,5449.977,-336.61243,1864.8923,9057616.0,3009.5757,-5.311845,871.49,2047096.5,1430.7672,1.6556699,345.9937,356257.28,596.87274,-0.5134752,69.97983,16189.357,127.237404,0.045050144,10.895776,445.18048,21.0993,-0.0044703484,0
c_05_156,3666.5232,28668972.0,5341.5273,-313.15332,2227.5266,13792768.0,3713.8606,1.4429272,986.3093,2815224.8,1677.8615,0.19297373,378.88486,469937.75,685.52,-0.0025510788,74.72226,19982.387,141.35907,-0.0056397915,11.40551,513.43756,22.65916,0.0010368824,0
c_05_157,3524.3965,28743370.0,5349.0303,-342.00803,2142.6804,12817807.0,3580.1965,-2.9055064,1114.978,3882861.5,1970.4972,-1.8579075,459.8852,728590.44,853.5749,0.52835476,92.32652,30764.38,175.39777,0.08326316,13.871368,719.81445,26.82936,0.008748531,0
c_05_158,3933.3762,31412694.0,5593.2715,-347.59448,2453.7458,17418314.0,4173.524,-8.389416,1158.0411,4157600.8,2039.0187,0.31150782,410.13858,562224.56,749.81635,0.0005092621,80.3027,24102.074,155.24838,0.050724983,11.900825,572.1505,23.919668,0.00878793,0
c_05_159,5409.0435,74853490.0,8648.615,-7.3086834,2211.321,15009020.0,3874.147,0.0,934.7422,3110512.2,1763.6638,0.0,307.07727,407693.4,638.5085,0.0,57.260098,17156.738,130.98372,0.0,8.71012,454.27686,21.31377,0.0,0
c_05_160,13272.828,316428480.0,17788.438,90.53394,5526.7095,62399364.0,7899.326,11.662733,1510.8137,4801582.5,2191.2515,3.7040582,299.6433,193337.05,439.70108,0.16614532,35.45109,3163.3977,56.24409,0.053231716,3.5000906,33.007885,5.745249,0.0014953613,0
c_05_161,15212.474,416712540.0,20413.537,108.384766,6453.447,81697580.0,9038.672,-10.650801,1606.9906,4878147.0,2208.6516,5.5319347,336.33508,229360.89,478.9164,-0.17077208,41.345993,4040.2698,63.563114,-0.0036859512,3.916625,36.929874,6.076995,0.002398789,0
c_05_162,13269.796,316243100.0,17783.225,114.52139,5404.036,59069760.0,7685.682,-2.9349012,1587.2815,5355388.0,2314.171,4.6750317,310.57172,210019.44,458.27875,0.12121582,37.020393,3444.3325,58.688435,0.07456398,3.56328,31.248339,5.590021,0.0040329695,0
c_05_163,6995.58,175691840.0,13252.722,-5.345174,3315.5022,39976452.0,6322.693,0.0,957.8185,2998297.5,1731.5586,0.0,237.23444,227032.84,476.47958,0.0,38.371563,8949.371,94.60111,0.0,4.989944,236.84702,15.389834,0.0,0
c_05_164,7735.093,114344530.0,10469.929,-2058.9595,3746.5012,26760800.0,5173.081,-48.119698,1600.9862,4925945.5,2219.4453,-4.6004553,566.3467,679928.94,824.5778,2.1062794,125.80246,39172.156,197.91956,-0.046216965,22.000431,1423.2726,37.726288,0.029235363,0
c_05_165,9321.228,154340600.0,12277.53,-1988.1536,5019.2104,47446704.0,6888.143,18.61198,2372.2988,11600157.0,3405.8997,0.24342728,784.96,1331028.2,1153.702,0.93961334,176.58905,72474.94,269.2116,-0.05075264,39.207886,5978.7915,77.32265,-0.02927208,0
c_05_166,7588.121,101613710.0,9789.81,-2398.209,4037.3381,30641330.0,5535.4575,-31.284657,1815.4054,6829923.5,2613.4111,1.3612099,615.4588,838270.56,915.5711,-0.12552261,144.22017,50885.125,225.5773,0.48440742,35.06499,5190.872,72.04771,0.006262541,0
c_05_167,6285.8457,69299384.0,8024.917,-2158.5833,3576.149,23035146.0,4799.478,-9.084963,1529.3936,4440658.0,2107.2869,2.9487228,476.64914,454093.9,673.86487,1.4879782,92.16229,18625.965,136.47694,0.061968803,16.118475,628.7524,25.074936,0.0034484863,0
c_05_168,5605.1167,68235650.0,8110.613,-1206.1702,2895.323,18387986.0,4288.1147,11.527773,1287.3491,3688092.0,1920.433,-1.2681653,414.80502,432614.03,657.734,0.39046097,92.15915,25307.568,159.08347,-0.044001937,22.081337,2156.024,46.433006,0.003914356,0
c_05_169,2437.0752,10028149.0,2949.652,-1126.9824,1034.5071,1829579.6,1352.6187,-2.5342174,458.3967,373543.6,611.18207,2.2821283,127.33039,30791.072,175.47385,-0.17336202,23.780773,1200.1859,34.643703,0.010331631,4.9504275,53.529083,7.316357,-0.00095820427,0
c_05_170,5205.165,57624824.0,7378.25,-1615.8717,2682.296,15930516.0,3991.3042,-12.831049,1246.8124,3491553.8,1868.5624,1.0771781,443.81107,481524.06,693.9192,-1.0922384,101.22795,28400.72,168.52512,0.030216217,22.637136,2209.8142,47.00866,0.0047106743,0
c_05_171,8155.6274,115731990.0,10426.594,-2602.1553,4391.819,35035544.0,5918.9473,-15.706196,2138.3772,8830228.0,2971.5696,1.415513,729.1313,1098220.1,1047.9595,2.675064,173.81595,71138.266,266.7175,0.43041992,46.110695,8558.87,92.51416,0.018345833,0
c_05_172,4922.497,44336372.0,6320.0176,-2021.3994,3355.77,19966978.0,4468.423,-6.845608,1801.5669,5794878.0,2407.2551,-13.145892,504.40463,476532.72,690.31335,-0.32025337,83.31255,15360.932,123.939224,0.28868675,14.394624,503.33685,22.435171,0.030225277,0
c_05_173,5533.8325,74152860.0,8427.795,-758.1943,3909.0232,36073256.0,6006.08,0.0,1844.9878,8432239.0,2903.8315,0.0,643.82684,1114891.1,1055.8839,0.0,157.07867,80023.195,282.8837,0.0,34.092407,6421.379,80.13351,0.0,0
c_05_174,1307.3295,3028931.8,1740.2845,-20.190804,1130.1033,2559878.2,1599.9619,-5.4526253,443.24902,348507.6,590.3453,0.9750049,92.86544,17585.104,132.60884,-0.33190727,12.9059725,364.0427,19.079903,0.012441158,1.8309299,6.344288,2.518787,0.0024728775,0
c_05_175,5580.0044,67020228.0,8186.5547,-15.987934,3840.7627,34402896.0,5865.397,1.6141219,1576.728,5646396.5,2376.2136,-9.340666,580.25415,850570.1,922.26355,-1.1129794,130.6154,46348.754,215.28761,-0.043926716,22.000353,1374.8069,37.07839,-0.0029850006,0
c_05_176,5275.3223,59752476.0,7729.878,-24.682287,3812.1467,36489096.0,6040.619,-5.3365135,1967.6809,9606931.0,3099.5022,-1.9718047,639.8694,1044092.94,1021.80817,1.1210761,136.08049,50593.3,224.92953,0.023267508,23.282999,1528.6821,39.098366,0.0176692,0
c_05_177,3518.403,26464834.0,5144.175,-14.365128,2689.2002,19608784.0,4428.18,3.3588266,1346.3656,6692648.0,2587.0154,0.28231287,374.39468,504270.3,710.11993,0.25740957,77.98303,24119.64,155.30496,0.023097515,14.702418,882.587,29.708364,-0.0015029907,0
c_05_178,1585.3096,4866921.5,2205.8384,-30.33721,729.2009,1119027.4,1057.8402,-6.025096,292.60355,191423.39,437.51947,-0.36753073,94.764435,19812.676,140.75754,-0.03852868,17.837374,707.09235,26.591208,-0.0131917,2.8544617,18.013536,4.2442355,0.003939748,0
c_05_179,1666.755,5243039.5,2289.509,-17.364655,833.77356,1618154.9,1272.0669,-0.5114715,284.75198,177687.1,421.52936,-0.06990133,64.56245,9771.152,98.84914,-0.12549877,9.736437,233.54408,15.282149,-0.013748169,1.5492698,4.699531,2.1678402,0.0010893345,0
c_05_180,1710.2067,6513352.0,2551.8433,-36.080288,1166.017,3174437.8,1781.695,1.145917,444.97394,513044.53,716.27075,-0.41363412,108.244804,34064.92,184.56686,0.083039045,19.526436,1414.6184,37.611412,0.015779495,3.2011094,38.966686,6.24233,-0.0006631613,0
c_05_181,5317.174,93030710.0,9645.243,0.0,5384.8755,90536376.0,9515.061,0.0,2791.4426,22504514.0,4743.8887,0.0,994.02856,3038132.5,1743.0239,0.0,238.85228,190993.45,437.02792,0.0,47.563133,8417.497,91.74691,0.0,0
c_05_182,6617.9233,138250220.0,11757.986,-8.801395,6790.1313,120068260.0,10957.557,22.55639,4163.2393,48019628.0,6929.608,14.546925,1638.7649,7617679.0,2760.0142,1.7972924,436.29535,671546.44,819.4793,0.4858783,105.10131,45548.703,213.42142,0.0132011175,0
c_05_183,13141.622,368428380.0,19194.488,-128.10176,7418.442,104625310.0,10228.639,-59.47269,3751.9546,28302964.0,5320.053,-9.399338,1433.3293,4496098.5,2120.4006,-1.2391193,275.4515,191227.6,437.29575,0.32349324,49.65734,8393.593,91.616554,0.012658119,0
c_05_184,6491.0723,105499620.0,10271.3,0.0,3374.814,30403670.0,5513.9478,0.0,1393.8035,7554470.5,2748.5315,0.0,408.91647,864837.2,929.96606,0.0,71.21175,28392.578,168.50096,0.0,11.572873,865.6506,29.42194,0.0,0
c_05_185,6608.756,84294060.0,9181.18,117.144875,2590.62,13982184.0,3739.2751,26.611197,574.5211,897329.8,947.27496,1.8860391,106.858246,40212.19,200.52977,0.361763,12.823753,675.21136,25.984829,0.012016296,0.94243354,3.5141485,1.8746061,1.001358e-05,0
c_05_186,6902.6113,104044980.0,10200.244,-2.2172995,3374.8992,22151610.0,4706.5493,24.84026,855.497,1838025.8,1355.738,0.8350556,159.2361,73136.95,270.43845,0.69766235,19.46987,1232.525,35.107334,0.023811877,1.3773062,6.0518775,2.4600563,0.0008533001,0
c_05_187,7404.4,116325650.0,10785.437,-21.493076,3454.2742,24080842.0,4907.223,35.834396,909.15247,2056013.5,1433.8805,4.400387,151.67326,68850.5,262.3938,0.6943035,18.22942,1158.6239,34.038567,0.010726929,1.3199266,5.8604555,2.4208379,0.0005245209,0
c_05_188,5665.779,65726164.0,8107.167,47.388958,2576.5215,15024441.0,3876.1375,14.681644,534.4435,751310.7,866.7818,1.6985445,104.76789,40637.34,201.58705,0.2181282,13.391766,812.4519,28.503542,0.0060482025,1.0023497,4.2079396,2.0513263,8.583069e-06,0
c_05_189,9094.88,158735490.0,12599.027,-51.35463,3132.556,19308158.0,4394.1045,-1.4079323,932.575,1982644.8,1408.0642,7.8108726,213.26093,124466.94,352.7987,0.52353096,26.452234,2152.0425,46.39011,0.054029465,1.8704278,11.177631,3.3432963,0.0084114075,0
c_05_190,8976.963,153253380.0,12379.555,-263.8942,3353.4397,30219390.0,5497.216,-7.3793545,1051.8187,3469896.5,1862.7659,0.20940113,166.84607,93799.46,306.26697,0.035696387,17.804018,1186.7678,34.449497,0.02124679,1.2494987,5.9598594,2.441282,0.0004477501,0
c_05_191,3899.6755,45081290.0,6713.158,-27.442436,2043.2412,13742557.0,3707.0933,0.0,767.35706,1842233.4,1357.2881,0.0,247.54858,191882.83,438.04388,0.0,47.56609,8103.6094,90.02001,0.0,6.9560795,187.63408,13.69796,0.0,0
c_05_192,4710.316,52411256.0,7237.9614,-122.37414,2449.5618,14558904.0,3815.611,4.1182127,998.46655,2574115.2,1604.4049,0.30247,311.23492,268504.44,518.174,-1.0676461,60.557266,11645.016,107.91208,-0.03576839,9.525941,312.53726,17.678724,0.011623383,0
c_05_193,5906.341,67618310.0,8221.495,-138.09918,2678.9631,15168506.0,3894.6653,0.08793855,1343.2574,4001855.5,2000.4591,0.054576874,456.2618,471462.25,686.631,0.05984339,95.000084,22646.703,150.48819,0.016708225,16.366524,735.6264,27.122433,-0.012377262,0
c_05_194,4681.746,53657650.0,7323.935,-112.535255,2523.6677,16046517.0,4005.8076,8.940674,1020.7635,2594163.5,1610.6395,-0.9763622,329.6843,277811.62,527.07837,0.23403358,66.72672,12446.126,111.562195,-0.039524436,10.371459,326.28378,18.063328,-0.00016337633,0
c_05_195,3950.9072,37783680.0,6145.165,-129.99033,1968.8364,9435342.0,3071.6943,4.558888,890.478,2138796.2,1462.4622,-1.729618,292.42072,253091.77,503.08215,-0.49033833,58.905315,12337.745,111.075356,0.01107049,9.413298,339.61255,18.42858,0.00035953522,0
c_05_196,3569.41,30073182.0,5482.2583,-113.39109,1879.6437,8450362.0,2906.9502,2.6398525,805.5446,1609864.6,1268.7583,2.3522217,263.2404,181157.92,425.62634,0.33836365,49.22912,6971.813,83.497375,0.0018877983,7.416305,167.09685,12.926594,-0.0019984245,0
c_05_197,4977.248,51300860.0,7160.7646,-177.07442,2315.9883,10647464.0,3263.041,-6.128743,1145.9158,2845070.8,1686.7333,-2.3193822,398.0367,376204.22,613.35443,0.022390842,81.09187,17530.11,132.40132,-0.06767368,12.713323,477.9078,21.861103,0.0031859577,0
c_05_198,4088.6118,40753428.0,6382.185,-127.804565,2297.5144,12594941.0,3548.9326,-5.321182,998.6906,2738207.2,1654.7529,-1.8171833,254.2132,216611.7,465.41565,0.7910986,45.209755,7952.56,89.177124,0.0060818195,7.112237,194.62523,13.950814,-0.005210161,0
c_05_199,2745.1716,32053320.0,5660.449,-55.623375,1241.2529,5026949.0,2242.0728,4.5715456,578.96716,1147531.9,1071.2283,2.515893,167.58376,105655.94,325.04657,-0.5453602,32.827618,4061.2715,63.7281,-0.00083470345,4.679055,78.09614,8.837202,0.002569139,0
c_05_200,4299.6953,44113508.0,6640.104,-120.57161,2047.2325,9443597.0,3073.043,-8.327662,867.94543,1961187.2,1400.424,-0.06027627,259.66827,196831.11,443.65652,0.32698917,52.123234,9056.402,95.16513,-0.009763718,8.384977,243.69745,15.610812,0.0028439164,0
c_05_201,6396.791,81622760.0,9032.964,-166.3147,2875.9597,16085088.0,4010.6216,-2.8113575,1434.2771,4332939.5,2081.571,-1.6280401,480.33698,506801.4,711.8998,-0.7919904,99.8856,24659.537,157.03352,0.030796051,17.525469,830.66504,28.82126,0.006119728,0
c_05_202,6938.5527,88721940.0,9417.881,-122.68469,3543.9707,23753242.0,4873.7266,10.661055,1780.6772,6154369.5,2480.8,-2.1692698,633.8954,834178.3,913.3335,0.18534705,134.89262,40814.66,202.02638,-0.04383391,21.598728,1100.229,33.1697,-0.0017387867,0
c_05_203,6395.3994,74239530.0,8614.524,-153.33754,3053.6206,17015966.0,4125.032,19.870876,1505.1732,4483573.5,2117.4436,5.4157867,479.82208,505788.75,711.188,-0.6096792,94.92305,22528.818,150.09595,-0.008171082,14.749889,600.01666,24.495237,0.0107655525,0
c_05_204,5847.147,100931410.0,10045.813,0.0,2754.633,22414478.0,4734.3926,0.0,1150.2299,4169606.5,2041.9589,0.0,339.96646,404734.88,636.18774,0.0,63.0629,15742.853,125.47052,0.0,9.1939,368.33972,19.192179,0.0,0
c_05_205,6211.2134,85318370.0,9236.794,156.97424,4939.7334,58285492.0,7634.4937,-13.46269,1074.6136,3077064.5,1754.1564,7.5602665,166.47435,90008.24,300.0137,0.5397701,15.52823,955.46985,30.910675,0.029702902,1.1022837,5.0129714,2.2389665,0.0016002655,0
c_05_206,3997.2573,41542776.0,6445.368,-6.9574127,4856.9893,49771452.0,7054.8887,13.458733,1302.2695,3680242.5,1918.3959,12.257137,177.02419,68723.53,262.15173,1.6158133,15.036441,528.088,22.980165,0.0919193,0.955786,3.4942544,1.8692924,0.0048065186,0
c_05_207,10375.566,191137040.0,13825.231,43.474274,6877.3813,108869230.0,10434.04,31.031387,1600.3575,6022805.5,2454.1404,7.081353,288.7576,209503.48,457.7152,1.0121307,27.510853,2269.7415,47.641804,0.06312752,1.8297763,12.727979,3.567629,0.0020399094,0
h_04_87,13261.212,501713380.0,22398.818,-88.09241,3182.6997,30441654.0,5517.3833,-9.143726,1400.0968,6647906.0,2578.3513,-0.50908184,651.16614,1805203.8,1343.5491,0.19896412,494.5453,1640507.4,1280.8228,0.07474327,189.71259,241604.16,491.53247,0.0020446777,1
h_04_88,23730.305,1052156000.0,32436.445,-264.64508,4569.3613,48231484.0,6944.8887,-9.988623,2451.7197,13863272.0,3723.3335,-20.551594,1339.6292,4601745.5,2145.1636,2.1113205,1085.2452,3814641.5,1953.1046,-1.6065979,441.8789,604133.44,777.2602,0.16810608,1
h_04_89,22322.129,965044540.0,31064.6,-398.79443,5558.202,62636320.0,7914.31,-51.93692,2489.586,13375015.0,3657.174,-20.611797,1158.1621,3338213.5,1827.0773,-2.631279,953.73846,3003299.2,1733.0029,-0.73916626,391.47058,474276.53,688.67737,0.005449295,1
h_04_90,18900.834,765930000.0,27674.875,-253.00583,4596.2773,49220916.0,7015.5444,-51.692413,2364.5027,13176076.0,3629.8835,-6.3228316,1175.7622,3738981.0,1933.6412,-4.2221107,904.0955,2990454.2,1729.2915,-1.3138413,369.08145,462682.97,680.208,0.035268784,1
h_04_91,15652.298,660817700.0,25705.873,-17.923325,3784.8096,38876010.0,6235.0483,-1.008479,1689.7426,8859637.0,2976.5017,-0.077549785,804.90137,2429053.5,1558.5411,0.0,642.5874,2103705.8,1450.4158,0.0,257.8905,329748.47,574.2373,0.0,1
h_04_92,10213.994,268193200.0,16376.604,43.423874,4866.825,51643264.0,7186.3096,-3.1012897,2280.739,13775034.0,3711.4685,-3.3628654,1063.2701,4170352.8,2042.1436,-0.41415405,670.4266,2186975.8,1478.8417,-0.06630325,183.99129,159161.53,398.95053,0.010004044,1
h_04_93,14525.618,438302880.0,20935.684,91.63247,5185.841,59553692.0,7717.0195,6.2755756,2364.982,14473306.0,3804.375,-5.585226,1464.2225,6546147.5,2558.5327,-2.0414085,1112.0029,4372584.5,2091.0715,-0.8348427,300.05237,297030.72,545.00525,-0.10692608,1
h_04_94,15263.942,466912200.0,21608.15,110.58334,5888.6313,69693970.0,8348.254,3.5527449,2948.4612,19616502.0,4429.05,-12.279342,1515.9049,6555432.0,2560.3545,-1.1216431,1090.3099,3869074.8,1966.9963,-0.26883698,297.12134,288315.62,536.9503,-0.07857704,1
h_04_95,13613.564,393000000.0,19824.229,164.28854,5466.2847,62246584.0,7889.471,-25.866352,2791.1157,18156190.0,4261.008,-15.281189,1533.8348,6429331.0,2535.612,-0.5394485,1137.8418,4532551.0,2128.9758,1.5331135,303.83026,329951.6,574.4141,-0.040922165,1
h_04_96,16203.105,515125250.0,22696.371,8.380226,4464.769,44355876.0,6660.001,-5.6373196,2107.4302,13020842.0,3608.4355,-2.0057125,1197.6671,5535123.5,2352.6638,0.7194071,886.7386,3105515.2,1762.2472,-0.25827026,235.63179,203989.83,451.65234,-0.0083351135,1
h_04_97,7241.4907,126171730.0,11232.619,5.6656294,4766.6655,50847230.0,7130.66,6.267539,2333.0908,12648201.0,3556.4038,0.0,1031.8265,2752487.8,1659.0621,0.0,529.9457,1001628.7,1000.81366,0.0,184.42618,165967.39,407.39096,0.0,1
h_04_98,13600.323,403762050.0,20093.826,99.0047,5459.5664,72045704.0,8487.971,-7.0641594,3111.4963,23764114.0,4874.8433,-4.8275757,1813.8976,8340808.0,2888.0422,-8.084317,944.516,2698968.0,1642.8517,-0.68669176,383.63077,463645.1,680.9149,-0.119463444,1
h_04_99,18373.225,680164540.0,26079.928,114.30183,4941.4746,56560250.0,7520.557,-6.1177483,3071.0981,23713792.0,4869.652,-2.5176928,1752.1646,8360118.5,2891.3867,3.6063385,945.862,2751082.5,1658.636,1.4837666,359.905,368190.4,606.7869,-0.4028244,1
h_04_100,12647.98,364204540.0,19084.13,146.2977,4756.7773,54532876.0,7384.5874,14.758465,2520.988,15628313.0,3953.228,-22.811832,1416.5775,5548177.5,2355.4495,-0.6487322,847.36536,2370406.2,1539.6117,1.9280548,349.56277,439713.94,663.1093,-0.25727415,1
h_04_101,12210.287,338176700.0,18389.576,140.37122,5580.0566,80195050.0,8955.169,-13.577705,3193.0066,24747172.0,4974.63,-7.909692,1740.1874,7426655.5,2725.1887,3.692299,923.4976,2397266.8,1548.3104,1.259848,356.15494,414204.4,643.58716,-0.022378922,1
h_04_102,15829.595,554879000.0,23555.846,59.884666,4735.9004,56737028.0,7532.3906,-0.8392563,2905.071,20321680.0,4507.9546,-6.09684,1832.0527,8553733.0,2924.6765,2.6203156,1140.741,3392669.0,1841.9194,1.5388196,382.70407,383875.78,619.5771,-0.16485107,1
h_04_103,17063.305,618061000.0,24860.715,36.034424,4605.2896,51948430.0,7207.4985,-19.358028,2920.6243,20520282.0,4529.905,6.9425435,1852.9545,8586724.0,2930.31,1.1642666,1121.2197,3180851.5,1783.4933,1.8120384,361.84412,324568.22,569.70886,-0.017250061,1
h_04_104,11177.786,329725660.0,18158.34,62.499756,4943.806,60824668.0,7798.878,23.94576,2757.476,18855370.0,4342.236,7.372385,1518.8475,6242624.5,2498.5244,-0.61779594,896.6014,2454909.2,1566.814,1.4517422,285.4601,256333.39,506.2938,-0.034155846,1
h_04_105,20148.006,729512600.0,27009.477,49.663403,3036.088,23062546.0,4802.3477,0.0,1520.6311,6361087.5,2522.1196,0.0,889.9451,2770158.8,1664.3778,0.0,785.99524,2508282.8,1583.7552,0.0,272.94388,281272.9,530.3517,0.0,1
h_04_106,22125.51,801180200.0,28305.127,-259.36725,3237.8965,25414042.0,5041.2217,10.251585,1662.1344,6778878.0,2603.6167,-5.740803,957.146,2480505.2,1574.9589,-1.5588226,895.7948,2622703.8,1619.4734,0.16722012,310.39975,281465.28,530.533,-0.027647972,1
h_04_107,22068.87,796413400.0,28220.795,-405.92453,3766.612,31418206.0,5605.185,-3.3249745,1828.6189,7545160.5,2746.8452,1.3695412,997.2123,2523678.8,1588.6044,-2.1552658,963.83026,2753448.2,1659.3503,-0.38222122,354.3272,338623.78,581.91394,0.078351974,1
h_04_108,22596.664,792017000.0,28142.785,-205.78973,3219.615,23703986.0,4868.5527,2.2210693,1683.0603,6620970.0,2573.1177,11.023682,854.2179,2126217.0,1458.1553,0.98477364,786.26306,2344287.0,1531.1058,0.59278107,271.4684,258388.03,508.3188,0.10066986,1
h_04_109,23131.543,839945900.0,28981.799,-422.55966,3812.6619,31871606.0,5645.4863,-2.5466042,1886.5964,7983931.5,2825.5767,-1.5511909,1025.9941,2616865.5,1617.6722,0.7087879,1015.39056,2921998.0,1709.3763,-1.7967491,360.84656,337766.0,581.1764,0.034172058,1
h_04_110,10128.837,263964340.0,16246.977,0.0,1106.6901,5937057.0,2436.6047,0.0,589.2831,1856658.2,1362.5681,0.0,341.09317,612731.44,782.77155,0.0,281.92007,521373.94,722.0596,0.0,94.49847,55357.082,235.28085,0.0,1
h_04_111,28321.262,1113980700.0,33376.344,550.9069,3513.157,30930700.0,5561.51,1.2466888,2082.4534,11337231.0,3367.076,0.89423656,1144.0009,3333570.5,1825.8022,1.3173447,744.3615,1538886.0,1240.5181,0.5324507,266.57343,193218.08,439.5658,0.09659004,1
h_04_112,28115.92,1102527900.0,33204.332,223.10886,3756.6174,33852720.0,5818.3047,-14.721825,2175.6255,11812154.0,3436.8774,8.247244,1161.682,3277554.0,1810.4,-1.9593353,746.65704,1532090.0,1237.7761,0.2703352,277.70706,215115.08,463.805,0.036758423,1
h_04_113,26390.21,1056065800.0,32497.146,224.02686,3288.8362,28253962.0,5315.4253,5.7040915,1935.6353,9985995.0,3160.0608,0.058930397,1093.5531,2942042.8,1715.2357,0.431015,699.86523,1344191.9,1159.392,-1.1824341,265.4969,190214.25,436.1356,0.21199036,1
h_04_114,25305.531,1001593700.0,31647.965,253.93747,3036.715,25734796.0,5072.9463,-2.126892,1784.7772,9491589.0,3080.8416,3.80537,1005.2279,2823316.8,1680.2722,-0.5309267,742.6589,1655858.6,1286.8018,0.2775612,281.3155,245100.45,495.0762,0.03273058,1
h_04_115,25418.55,944227260.0,30728.275,118.28394,3154.19,28403682.0,5329.509,-2.0169442,1782.9734,9758010.0,3123.7795,1.8303881,954.38135,2709994.2,1646.197,-0.34890747,600.56335,1171969.1,1082.5742,-0.058193207,214.74503,146543.97,382.8106,0.04880327,1
h_04_116,6030.5063,150439790.0,12265.37,0.0,2179.6921,16465559.0,4057.761,0.05716191,1211.3389,5821053.0,2412.6836,0.0,621.7573,1822555.4,1350.0189,0.0,317.73825,509254.34,713.6206,0.0,107.42979,75015.766,273.89008,0.0,1
h_04_117,20513.645,717080500.0,26777.908,-155.76176,3801.362,36156376.0,6013.0166,-3.1555,2198.321,12328451.0,3511.186,1.5030098,1122.9889,3724315.2,1929.8467,1.4809723,687.0892,1398229.1,1182.4673,-0.5790973,236.96103,205535.45,453.36017,0.0052604675,1
h_04_118,18543.201,625381500.0,25007.443,-290.2723,4292.062,41103840.0,6411.2104,8.765008,2375.957,13231418.0,3637.4797,-7.868724,1188.9233,3798280.0,1948.9121,-1.9549904,612.0257,1120115.1,1058.3549,0.5254288,206.704,170087.84,412.41705,0.0036609173,1
h_04_119,18662.598,658144000.0,25654.078,-270.60748,3888.269,37109772.0,6091.7476,-5.13929,2097.5942,10539025.0,3246.3865,-1.6851559,1213.1396,3686679.8,1920.0728,-0.5790577,615.4655,1003174.56,1001.586,0.58519936,197.33824,128869.555,358.98407,0.12275696,1
h_04_120,16083.481,563802500.0,23744.39,-74.98398,3074.6707,28876626.0,5373.5776,0.5596599,1756.0392,9807710.0,3131.7234,-0.0020983666,817.53015,2686950.8,1639.1903,0.0,440.5131,878635.56,937.3555,0.0,164.49316,155183.11,393.93286,0.0,1
h_04_121,18859.506,749244700.0,27372.334,-12.969292,3391.6257,32448686.0,5696.3643,-6.671067,1631.7549,8979488.0,2996.576,-0.985754,632.90295,1508214.1,1228.0936,-0.20124817,400.49908,751793.8,867.0594,-0.7011337,199.15182,219146.88,468.13126,-0.045749664,1
h_04_122,27154.924,1148427400.0,33888.453,12.740356,4100.6245,40541652.0,6367.1377,-21.483936,2157.0398,12204999.0,3493.5596,2.2207985,990.2775,2635114.5,1623.3022,-1.9898987,702.00104,1712362.1,1308.5723,-0.34986115,344.34982,479676.47,692.5868,0.12070465,1
h_04_123,28059.305,1184256300.0,34413.008,-52.608765,2476.1357,17674444.0,4204.0635,5.0626965,1362.3334,5024043.5,2241.4297,1.3491592,965.2407,2311868.0,1520.4792,1.7316284,781.4091,1728906.6,1314.8762,-0.4302063,368.09363,468273.44,684.30505,-0.13910675,1
h_04_124,15695.9375,587198000.0,24232.17,32.152702,3374.672,28381192.0,5327.398,-3.2642236,1710.5283,7738036.5,2781.731,-0.27383906,895.60693,2274484.0,1508.1375,1.4491396,743.0208,1926829.9,1388.1027,-0.26273727,360.0412,524305.2,724.08923,0.1950531,1
h_04_125,24433.951,952406000.0,30861.07,-132.95384,3514.0972,27514140.0,5245.381,7.34655,1952.5364,8811607.0,2968.4343,-1.4671402,1177.1637,3269586.5,1808.199,1.2361298,783.5672,1667077.6,1291.151,-0.42331696,370.27237,442177.16,664.96405,-0.028520107,1
h_04_126,18788.727,687911700.0,26228.07,55.380943,2844.6812,23595410.0,4857.5063,-4.1728377,1538.1837,7179684.5,2679.4927,-0.069856405,765.6929,1955291.6,1398.3159,-1.1169558,520.9747,1062000.0,1030.5328,-0.30496216,249.53416,270925.28,520.5048,0.06577206,1
h_04_127,19880.367,734363500.0,27099.084,0.0,1549.3966,8289344.5,2879.1208,0.0,814.5065,3871913.5,1967.7178,0.0,516.3104,1529432.0,1236.701,0.0,510.8004,1601035.0,1265.3192,0.0,247.9708,422192.28,649.76324,0.0,1
h_04_128,18765.996,748874750.0,27365.533,-45.176575,3457.3477,31600182.0,5621.2593,-5.48265,2189.3833,16061067.0,4007.6216,2.1276965,1297.1283,6422317.0,2534.2288,0.6177368,1150.8394,4334160.5,2081.8635,1.6929598,455.332,606725.44,778.92584,-0.13825989,1
h_04_129,17068.607,651397100.0,25522.408,-35.484364,3442.998,31647034.0,5625.57,-6.68552,2143.2954,15772441.0,3971.451,-2.3030128,1228.5208,5797937.5,2407.8896,-1.5101063,962.72833,3255925.2,1804.4171,0.6806774,384.5973,470814.38,686.1591,-0.008556366,1
h_04_130,16301.797,614573400.0,24790.566,39.43634,3049.068,28310998.0,5320.759,2.1727743,2038.2461,14723240.0,3837.0867,-0.5322261,1332.3535,6498468.5,2549.2092,-0.1820364,1104.5122,4098320.8,2024.4308,1.3456879,446.49957,612562.9,782.66394,-0.016132832,1
h_04_131,17054.426,655183400.0,25596.518,1.3995743,3363.1272,30533662.0,5525.674,0.39976883,2118.6313,15266610.0,3907.2498,0.3175788,1350.4553,6599495.0,2568.9343,0.078567505,1141.4175,4277260.5,2068.1538,0.34042454,452.97467,607659.6,779.52527,-0.049404144,1
h_04_132,16113.015,591338000.0,24317.434,-0.53521943,3407.1821,31202278.0,5585.776,0.0,1853.0581,11580391.0,3402.9958,0.0,904.15717,3540473.5,1881.6113,0.0,646.86945,2016869.6,1420.1652,0.0,260.86896,303311.06,550.7369,0.0,1
h_04_133,25206.295,893953860.0,29899.06,-3.3795881,2123.391,13216424.0,3635.3188,1.4384422,1285.0276,5040496.0,2245.0676,1.325239,1135.8804,3881145.5,1970.0531,1.3310776,991.52295,3583226.8,1892.9397,-0.3744278,342.82355,380610.75,616.9366,0.29401064,1
h_04_134,22293.244,794002370.0,28178.021,-4.928912,2005.9498,12527832.0,3539.4673,2.1510036,1337.2919,5534500.0,2352.5515,-0.57080424,1096.0182,3694253.8,1922.0441,-0.14038086,851.32043,2803505.8,1674.3673,0.20893198,295.82172,307627.16,554.6415,0.016420364,1
h_04_135,25139.707,885849600.0,29763.223,-4.653183,1972.816,11758861.0,3429.03,10.08474,1281.1207,5124515.0,2263.737,-0.50108385,1138.9597,3971945.0,1992.97,-0.28336716,1025.4166,3843429.0,1960.4636,0.25144196,357.56024,419805.16,647.9237,0.062511444,1
h_04_136,22143.674,788841860.0,28086.328,-3.8280292,1958.5698,12400173.0,3521.3784,-0.2549976,1247.9355,4941652.5,2222.9768,0.6311438,1045.88,3427146.0,1851.2457,-0.23068345,918.95087,3240132.8,1800.0364,0.22953796,316.1662,347730.12,589.68646,0.0060272217,1
h_04_137,19214.846,744725760.0,27289.559,-75.52925,2071.5686,12350827.0,3514.3735,0.7673148,1467.4084,6975443.0,2641.1062,-0.29699612,973.86053,3153905.8,1775.9221,0.0,512.51514,895005.1,946.046,0.0,184.4357,132254.77,363.66852,0.0,1
h_04_138,26281.115,1043474940.0,32302.695,-1936.354,2191.1052,11517828.0,3393.792,4.0038834,1677.118,8863537.0,2977.1677,-6.0302334,1203.2308,4431537.5,2105.1204,1.0058746,722.6821,1549175.8,1244.6586,0.27883148,271.23898,223868.42,473.14737,0.046272278,1
h_04_139,17690.244,634571650.0,25190.604,-558.244,2762.3647,16836020.0,4103.1274,7.5215344,1642.371,7155374.5,2674.9485,-10.000559,1083.3588,3341239.5,1827.9008,5.0702667,684.48047,1297571.2,1139.1097,-0.9836993,258.114,193933.73,440.3791,-0.07011223,1
h_04_140,26288.516,1080752400.0,32874.414,2762.0503,2902.7766,15923825.0,3990.4624,13.351248,1748.3005,8908910.0,2984.7793,-3.6241074,1244.5476,4430497.0,2104.8745,-6.845047,869.50885,1681317.6,1296.6555,-0.31631088,320.45963,235717.33,485.5073,0.20755768,1
h_04_141,13967.453,501404640.0,22391.994,274.73425,2551.007,14619681.0,3823.5476,0.0,1213.766,5153619.5,2270.1567,0.0,646.08997,2058989.5,1434.9166,0.0,376.31464,712513.0,844.1046,0.0,145.12349,112296.79,335.1071,0.0,1
h_04_142,19772.684,751980000.0,27421.74,-316.26892,4014.0698,32037550.0,5660.168,19.69568,2417.3147,15128960.0,3889.5676,-6.539425,1232.3635,4288298.5,2070.8193,0.30151367,740.1503,2301568.8,1517.0917,0.10178375,214.42033,206773.78,454.72385,-0.010276794,1
h_04_143,26952.76,1098678500.0,33145.03,-1882.2202,4436.3706,38074710.0,6170.4624,4.4995956,2931.3105,19551504.0,4421.66,-4.854267,1562.5071,5776368.5,2403.404,-3.4938965,1057.6056,3325472.0,1823.5857,-0.7269058,306.11215,283679.84,532.616,-0.14997101,1
h_04_144,18437.615,653647360.0,25565.99,-447.89386,2904.0667,22557610.0,4749.4834,-5.070883,1763.4701,10421300.0,3228.2039,-4.466242,800.0685,2464905.0,1569.9985,-0.06316018,439.28564,961163.8,980.3896,-0.025210619,137.63712,104202.0,322.80334,0.0033817291,1
h_04_145,26756.98,1102064800.0,33197.35,-403.69775,1829.8643,12894802.0,3590.9321,-0.009294597,958.07056,3618074.0,1902.1151,0.09986421,704.0785,1795796.6,1340.073,0.0,734.40924,2418985.8,1555.3088,0.014261214,289.76523,356931.3,597.4373,0.0,1
h_04_146,27388.363,1138868900.0,33747.13,-1094.5007,1748.9443,12004172.0,3464.691,-1.0020905,1190.973,4662321.0,2159.2183,-3.2787323,895.4915,2510074.2,1584.3212,1.8488312,914.3784,3348343.5,1829.8478,0.77687836,356.17026,479838.6,692.70386,-0.0033073425,1
h_04_147,27272.035,1124668500.0,33536.062,-1001.73157,2246.26,15902367.0,3987.7654,0.93930817,1257.2439,4816041.0,2194.5261,3.1263733,825.717,2136607.2,1461.7094,1.01719,832.6832,2907978.0,1705.2793,0.005622864,327.40927,438678.9,662.32837,-0.018062592,1
h_04_148,27159.594,1105761400.0,33252.99,-1308.9806,2016.2308,13340906.0,3652.5205,-0.4587803,1138.0315,3940093.8,1984.9652,-0.84266853,688.656,1625492.5,1274.9452,0.3947792,627.62335,2071392.8,1439.233,0.37969208,247.2916,300552.8,548.227,0.020391464,1
h_04_149,21780.834,869982460.0,29495.457,-52.82283,1364.7498,10184902.0,3191.348,0.0,726.4392,2744168.5,1656.5493,0.0,633.91425,1678276.4,1295.4823,0.0,806.5313,2977376.8,1725.5074,0.0,309.99475,422449.8,649.96136,0.0,1
h_04_150,16885.357,671425500.0,25911.877,-20.87244,1933.7606,9795206.0,3129.725,-5.7342067,812.66986,2512030.2,1584.9061,2.5419226,523.694,1058283.1,1028.7286,0.06755257,458.43906,918237.6,958.20795,0.104714185,221.46404,259900.95,509.8048,-0.013629913,1
h_04_151,23661.123,957132300.0,30937.55,-81.52301,3103.6738,24543444.0,4954.133,-14.893555,1776.4094,8035706.5,2834.5642,-11.259393,948.25104,2316300.0,1521.9382,-1.2910881,710.8807,1375331.1,1172.714,0.35743713,330.93747,349302.25,591.018,0.00090026855,1
h_04_152,16790.39,641531650.0,25328.467,-6.0902214,2566.9321,17306454.0,4160.031,-5.15252,1353.2441,5439817.5,2332.3323,0.16668561,742.7321,1838276.6,1355.8281,-0.6635494,471.44034,784258.6,885.5614,0.11763811,202.98315,182076.9,426.7047,0.0025440454,1
h_04_153,19558.432,784834500.0,28014.895,-12.191443,2341.8027,13721714.0,3704.266,-25.518383,1321.4117,4733642.5,2175.6936,4.7495556,820.5488,1717873.2,1310.6761,0.16507965,521.7602,822636.2,906.9683,0.010482788,241.90752,230751.16,480.36566,0.010911964,1
h_04_154,20740.52,837441860.0,28938.584,-10.575481,3189.09,27198394.0,5215.204,0.47162437,1647.9951,7195539.0,2682.4292,5.360153,934.3032,2217972.0,1489.2856,0.45150185,735.7606,1393649.4,1180.4895,0.119190216,341.97775,340534.84,583.55365,-0.02533722,1
h_04_155,22156.941,810621200.0,28471.408,28.013504,2262.689,15547131.0,3942.9255,-5.0222893,1286.2013,4706502.5,2169.3157,-0.6585331,772.25946,1638524.6,1280.0342,-0.7134018,462.98038,679919.5,824.5621,-0.21580124,192.05908,159151.77,398.9383,0.027870178,1
h_04_156,17500.043,674966340.0,25980.113,-0.9386045,2633.31,15350698.0,3917.9805,0.0,1663.8793,7005023.5,2646.7004,-1.5237899,902.645,2350415.2,1533.106,0.0,570.66266,1144234.1,1069.685,0.0,212.28528,190435.92,436.38962,0.0,1
h_04_157,18281.691,683901200.0,26151.504,-65.99219,2181.0706,13800249.0,3714.8547,-0.7971802,1542.9292,9067823.0,3011.276,-1.6189553,1200.5771,4700456.0,2167.8596,-0.6527386,900.4078,2593182.0,1610.3319,0.17302704,292.9926,276441.56,525.7771,0.020486355,1
h_04_158,16577.785,587558850.0,24239.594,-7.5403976,2722.3777,19102632.0,4370.427,13.899628,1708.3895,9515183.0,3084.613,-0.7537117,1276.4784,4798142.0,2190.2822,-2.144991,846.4774,2027898.1,1424.0424,0.29956627,270.53735,199177.0,446.2925,-0.009864807,1
h_04_159,16464.336,583528900.0,24156.338,-64.067245,3435.1196,31870370.0,5645.3813,5.7446113,1771.4713,10091778.0,3176.7266,-7.760174,1304.3497,5054887.5,2248.1704,-1.7992096,795.17993,1801137.0,1342.0643,0.19701743,247.27347,169924.8,412.21936,-0.028995514,1
h_04_160,18892.666,627200400.0,25043.967,-253.93793,3444.7947,29948412.0,5472.173,35.286556,1614.4027,7790340.5,2791.1135,0.7236328,1058.1808,3721209.0,1929.0271,0.32034826,652.4457,1198243.9,1094.6433,0.11672592,209.22363,120956.33,347.78775,0.0010387897,1
h_04_161,20699.629,773628860.0,27814.084,-247.83257,3372.771,25109490.0,5010.8687,24.188187,1728.1641,8522571.0,2919.344,-2.076088,935.6631,2747157.2,1657.4336,-3.5529938,684.8123,1040811.9,1020.19806,0.23521423,267.9524,158002.2,397.4949,-0.009824753,1
h_04_162,20128.764,766522100.0,27686.135,-350.8783,4277.4297,35984124.0,5998.6714,5.6535187,3365.52,23815246.0,4879.925,20.855694,2037.926,9147940.0,3024.5334,-9.729202,838.18945,1546064.8,1243.405,1.0929527,306.20096,231910.8,481.57117,0.051574707,1
h_04_163,15488.079,519234800.0,22786.707,96.52634,2852.427,19627714.0,4430.3022,12.421165,1372.0759,5819932.5,2412.3538,1.3488181,841.5516,2390768.5,1546.2098,1.8065014,567.40295,1538536.2,1240.3771,0.05067444,174.45308,132729.95,364.32123,-0.027627945,1
h_04_164,25760.775,962012300.0,31016.201,650.803,2880.468,21120648.0,4595.7197,-0.28487417,1496.7812,7048806.0,2654.8555,0.02700156,1232.1523,4439181.5,2106.9358,0.20753098,919.0716,2823678.2,1680.3677,-3.2782555e-07,286.2233,254527.86,504.50757,-5.662441e-07,1
h_04_165,25838.055,970890800.0,31158.955,979.8704,2871.36,19814568.0,4451.34,12.631592,1439.7472,6210469.0,2491.8965,-0.18929449,1212.3534,4069615.5,2017.3281,0.36912805,999.78613,3080405.0,1755.1041,-0.25749207,304.44888,279295.06,528.48376,-0.009436607,1
h_04_166,22173.781,834765500.0,28892.031,-238.715,3104.6367,22054514.0,4696.196,0.019965976,1679.7069,9026451.0,3004.383,-9.834766e-07,1207.2456,5060877.5,2249.6357,0.0,827.221,3104253.5,1761.8866,0.0,271.21613,360440.03,600.3666,-1.4901161e-08,1
h_04_167,19775.322,679934600.0,26074.994,-724.90857,2665.4277,17510044.0,4184.495,1.8137231,1618.451,8285262.0,2878.4006,-0.7844937,1253.8782,5056877.5,2248.7502,0.48326492,864.93176,3311585.8,1819.7761,0.3417472,294.78308,392766.22,626.71063,0.061180115,1
h_04_168,18604.352,619148200.0,24881.912,-1007.41284,2752.361,19291704.0,4392.217,3.9888268,1746.6832,9495053.0,3081.4043,-2.0479088,1308.1016,5438954.0,2332.1492,0.017255783,847.0159,3059843.0,1749.2402,-0.1004343,289.50427,382999.6,618.8696,0.029319286,1
h_04_169,18752.43,641515300.0,25327.695,-882.22064,2850.8044,19124746.0,4373.185,-3.7252426,2249.423,12807840.0,3578.7969,1.3250713,1444.4362,5769668.5,2402.0125,-0.3701706,829.3764,2992013.8,1729.7437,-0.18924522,287.4902,367040.4,605.8386,-0.008968353,1
h_04_170,15667.85,529659900.0,23013.934,-97.42009,3210.277,23619196.0,4859.958,0.3806054,1895.6566,10190018.0,3192.1807,0.0,1237.6697,5230270.0,2286.968,0.0,765.1481,2768630.0,1663.9196,0.0,264.97296,350180.38,591.7604,0.0,1
h_04_171,33771.363,1812735600.0,42576.207,84.73802,2829.993,24599462.0,4959.635,4.312199,1488.5916,7474293.0,2733.8455,-0.8435135,743.7041,1880603.5,1371.3013,0.49854368,471.9444,696264.6,834.4243,-0.20797259,174.45706,94451.78,307.3301,-0.009235382,1
h_04_172,33176.01,1718271100.0,41452.03,166.86632,2591.982,22371598.0,4729.5596,3.6920776,1487.0016,7746307.0,2783.1848,3.730518,901.9955,2546226.8,1595.679,0.38015747,609.9076,1134281.1,1065.0259,-0.8239441,212.3298,137828.73,371.25293,0.07635498,1
h_04_173,18204.102,795209300.0,28199.455,48.2836,3295.2273,29601228.0,5440.695,1.353394,1893.21,9497804.0,3081.844,-0.18461192,992.42896,2565512.2,1601.662,-2.7885666,586.96075,926858.5,962.73474,-1.1112771,201.33301,112269.46,335.06635,-0.019805908,1
h_04_174,10723.869,278731300.0,16695.244,-41.621643,4906.95,50793212.0,7126.9326,25.743055,2331.5059,10540856.0,3246.6667,-3.9296665,978.1148,1949537.4,1396.2351,-3.424865,663.31134,1035716.9,1017.7016,-0.6535721,257.34552,169912.08,412.20392,0.2859249,1
h_04_175,22753.64,1051833340.0,32431.969,242.9799,3970.019,33598276.0,5796.3843,0.47993946,2148.459,9794657.0,3129.6392,-12.973503,1040.2927,2405440.5,1550.9458,-0.7660217,676.70605,1157898.8,1076.056,0.7866254,251.34567,175967.94,419.48532,-0.053476334,1
h_04_176,35207.94,1881088300.0,43371.51,275.26733,3253.8938,27206474.0,5215.747,-6.003525,1769.455,8390455.0,2896.591,-5.0421143,937.14496,2371946.0,1540.1075,1.8549957,614.23157,1039065.44,1019.345,-0.36141968,229.45879,153738.17,392.0946,-0.042598724,1
h_04_177,14501.394,663781800.0,25763.953,-7.893877,2843.513,20678268.0,4547.327,0.0,1393.5562,6013700.0,2452.2822,0.0,510.49075,1125848.6,1061.042,0.0,279.52737,451532.84,671.9618,0.0,118.25238,79319.516,281.6372,0.0,1
h_04_178,21033.027,724017540.0,26907.523,-715.38257,5009.3276,50503456.0,7106.5747,-13.249197,2907.9692,17742320.0,4212.138,-34.683933,1420.955,4863466.0,2205.3267,0.049179077,773.2521,1768788.0,1329.9579,-0.38359833,335.92868,355245.75,596.02496,0.020355225,1
h_04_179,14777.734,423388930.0,20576.336,-344.85138,5507.672,60444924.0,7774.6216,-62.804146,2994.815,18977842.0,4356.292,-15.777548,1317.1627,4326551.0,2080.0364,1.4285793,647.8215,1390970.2,1179.3931,-0.29789734,283.41025,286535.4,535.29004,0.045171738,1
h_04_180,16958.115,562713540.0,23721.537,-97.2186,3619.3042,36288732.0,6023.877,-9.292071,2123.8162,11928911.0,3453.822,3.1130836,984.0563,2908558.0,1705.4487,-0.911906,520.2513,1185303.2,1088.7162,0.059236288,228.79408,234003.33,483.73886,0.004360199,1
h_04_181,18112.115,577598660.0,24033.254,-210.16495,6369.1836,81394536.0,9021.612,7.661116,3652.451,26599782.0,5157.497,-19.5921,1678.3215,6083593.0,2466.4792,-7.088973,970.3507,2569831.0,1603.0691,-0.81149065,404.2426,486627.3,697.5868,0.14144897,1
h_04_182,15005.632,437667970.0,20920.473,-298.43805,6255.337,85762990.0,9260.816,-20.669586,3114.3816,20989868.0,4581.4688,-10.248369,1242.1188,3564609.8,1888.0172,-2.332924,636.0325,1281398.9,1131.9888,-0.32846677,272.16367,243177.56,493.13037,0.057290077,1
h_04_183,5213.722,154537120.0,12431.292,-1.033931,3315.8027,32417526.0,5693.472,-3.1398544,1498.4457,7879018.5,2806.9587,-0.18228191,411.5849,1008601.5,1004.2913,0.0,184.31007,298041.12,545.9298,0.0,69.91868,46952.855,216.68608,0.0,1
h_04_184,15395.416,590576450.0,24301.746,-29.147041,2991.7979,30937350.0,5562.0957,-2.47344,1684.1678,9642791.0,3105.2705,0.1815418,905.9874,3376985.0,1837.6534,0.7233567,462.8428,1247564.8,1116.9442,0.09063721,160.05536,163697.39,404.59534,-0.0062294006,1
h_04_185,15135.402,554372400.0,23545.055,-44.994354,3651.829,40980320.0,6401.5605,-4.395765,1734.3417,9538451.0,3088.4338,-0.8408365,799.92847,2633669.0,1622.8578,-0.80160666,388.27722,860547.7,927.65674,0.011324525,148.56532,133201.34,364.9676,-0.011329651,1
h_04_186,17709.223,680138400.0,26079.266,-165.25879,3253.4705,31812984.0,5640.2715,-22.200417,2137.1184,12621695.0,3552.6943,-1.3122282,1262.1553,4765682.5,2183.0417,-0.06847763,711.28894,1836049.6,1355.0092,0.041297913,257.24634,266724.22,516.4535,-0.05126953,1
h_04_187,15197.7,564050240.0,23749.648,-42.663353,2962.6357,29077770.0,5392.3784,-5.3249397,1906.6809,10696111.0,3270.4836,1.4838858,1180.1803,4021789.0,2005.4326,-1.8574556,699.9581,1637620.2,1279.6951,0.03332469,261.0956,254984.44,504.95984,0.05248642,1
h_04_188,17418.924,647735100.0,25450.521,-208.38292,4901.696,64837532.0,8052.176,12.002294,2764.8652,18783490.0,4333.988,-10.148495,1313.7976,4745725.0,2178.4646,3.3044453,533.033,1166077.5,1079.8488,0.057231903,166.22215,146351.12,382.55865,-0.012228489,1
h_04_189,15484.878,602949600.0,24554.809,-0.4000714,2272.2493,22364648.0,4729.085,0.0,1372.7268,8447661.0,2906.3474,0.0,752.3147,2473298.2,1572.6674,0.0,352.3064,634228.6,796.3826,0.0,122.42098,78372.07,279.95013,0.0,1
h_04_190,17829.434,792724800.0,28155.188,-2.3109283,2779.8638,27241802.0,5219.3647,-3.3678389,1693.0167,10515876.0,3241.7932,-0.15564156,996.9042,3367481.0,1835.0608,-0.75533366,535.8051,1180238.5,1086.3872,0.22696304,198.59456,148761.56,385.6962,0.03717184,1
h_04_191,26161.23,1211818100.0,34810.156,-115.931564,2649.925,23351894.0,4832.1787,6.4741096,1556.2234,9151445.0,3024.35,-3.4122906,892.7352,2656157.0,1629.7614,-1.2228112,528.5023,1064258.4,1031.629,0.21909332,203.9159,144781.75,380.50198,-0.01828289,1
h_04_192,14850.485,642273800.0,25343.03,-3.6655354,2766.6973,26519514.0,5149.71,-0.7691495,1862.1958,11043511.0,3322.4915,3.279328,1127.605,3870109.2,1967.2501,-0.07074189,514.5059,1046701.0,1023.084,0.1781683,188.73982,131119.08,362.10367,0.03934613,1
h_04_193,26291.371,1249435900.0,35346.617,-2.136002,2032.4241,18473104.0,4297.8906,0.0,1165.446,8087100.5,2842.3945,0.0,666.79987,2101662.5,1449.6779,0.0,432.16916,966664.56,983.1909,0.0,167.3212,122641.5,350.20206,0.0,1
h_04_194,12656.82,465742050.0,21581.05,0.0,2055.8792,17957190.0,4237.577,0.0,1098.2781,6469041.5,2543.1265,0.0,850.57983,2856538.5,1690.1127,0.0,665.1359,1863214.9,1364.9943,0.0,223.55309,213251.56,461.7917,0.0,1
h_04_195,16631.936,583966800.0,24165.387,82.72165,3318.528,29989220.0,5476.2246,9.909014,1937.0848,10315096.0,3211.2737,2.2020323,1395.8566,5097929.0,2257.8542,-3.0928497,781.2423,1771786.9,1331.083,0.6050527,228.257,159075.14,398.84225,0.04849434,1
h_04_196,19444.004,728633150.0,26993.197,117.79468,3178.962,28842100.0,5370.459,0.65283203,1602.4045,9163300.0,3026.426,-7.409897,1177.6072,3882369.0,1970.3708,-2.887909,883.5191,2388623.5,1545.5125,1.1041076,298.671,264126.75,513.9326,0.10559082,1
h_04_197,16393.918,572083000.0,23918.252,140.71466,3774.7266,35779950.0,5981.6313,3.4330711,2150.907,11799106.0,3434.6697,3.2129273,1345.4696,4458357.5,2111.4617,1.3876927,850.73206,2150824.2,1466.5654,-0.53557587,264.77325,212791.2,461.29297,0.0627327,1
h_04_198,18772.494,670437100.0,25892.785,179.67715,3879.7593,36056900.0,6004.737,2.5508728,2267.585,13692396.0,3699.8845,-17.229004,1446.4877,4982794.0,2232.2092,-0.2341156,926.0121,2477221.0,1573.9164,0.12037659,306.84662,272346.53,521.8683,-0.017568946,1
h_04_199,20195.156,792076000.0,28143.756,0.0,2347.7,20802318.0,4560.9556,0.0,1155.0773,6035629.5,2456.3804,0.0,788.1236,2567233.8,1602.2518,0.0,718.67725,2230108.0,1493.352,0.0,238.86421,235898.19,485.6935,0.0,1
h_04_200,25063.957,993911000.0,31525.93,218.34619,3299.0146,28910160.0,5376.807,16.607697,1645.8895,6654343.5,2579.5125,4.832575,887.2097,1946366.6,1395.1207,-0.20305133,806.7437,2114645.5,1454.1824,-0.22741699,271.79343,237593.72,487.43585,0.25930595,1
h_04_201,26149.074,1057749600.0,32522.443,212.75102,3562.058,37630410.0,6134.3613,0.18193817,1611.4006,6367836.0,2523.4392,-2.6255474,749.7388,1419181.9,1191.2908,-1.5905533,672.0509,1633319.5,1278.0131,-0.6030102,240.48302,194660.86,441.2039,0.24630308,1
h_04_202,13994.712,521849300.0,22843.854,0.0,887.57794,5472471.5,2339.3247,0.0,537.13257,1737459.6,1318.1268,0.0,310.1788,626798.6,791.7036,0.0,315.08438,888041.56,942.35956,0.0,96.22412,78022.484,279.32504,0.0,1
h_05_1,11229.69,248794450.0,15773.215,0.0,4374.3247,53086580.0,7286.0356,0.0,2365.0583,17832558.0,4222.853,0.0,1201.7394,3934365.8,1983.5236,0.0,635.44324,1567988.8,1252.1935,0.0,148.59532,87411.22,295.65387,0.0,1
h_05_2,11892.154,302259040.0,17385.596,78.53141,4297.7876,56147210.0,7493.0806,12.42186,2816.8704,24753972.0,4975.3237,14.607651,1662.4725,7497208.0,2738.1018,1.9256668,1106.7122,3897847.5,1974.2953,1.0606079,278.22946,284814.5,533.6802,-0.028512955,1
h_05_3,11630.202,266712030.0,16331.303,54.23752,3931.6267,42888652.0,6548.9326,0.5918882,2424.9675,18422276.0,4292.109,3.908993,1455.5077,6257868.5,2501.551,2.793209,838.227,2667155.5,1633.1425,-0.2271204,199.6041,148953.56,385.945,0.046691895,1
h_05_4,14639.808,423243700.0,20572.838,-13.756027,5138.972,73787830.0,8589.893,1.7707243,2688.6575,21890892.0,4678.767,-0.15699577,1449.6285,5427682.5,2329.7383,-3.3513165,992.7371,2932965.5,1712.5901,-0.47239685,263.10925,219719.77,468.74277,-0.04859531,1
h_05_5,10958.577,281022050.0,16763.713,-39.672474,3922.0732,50839176.0,7130.052,-2.9296412,2574.4841,22361608.0,4728.802,-3.76786,1515.2479,6582171.5,2565.5688,-0.78849006,860.948,3001320.0,1732.4305,0.68849945,216.66182,225191.55,474.54352,0.02365303,1
h_05_6,13740.278,399236770.0,19980.902,-70.92461,3716.0261,36603200.0,6050.0576,-5.6028686,2496.642,19124114.0,4373.0933,20.075262,1452.9294,6092297.0,2468.2576,-2.3315487,855.1115,3964489.0,1991.1018,-0.87774277,332.5125,750332.5,866.21735,-0.10650349,1
h_05_7,14771.947,511134820.0,22608.291,0.0,5991.084,78793300.0,8876.552,0.0,2616.1077,17911026.0,4232.1323,0.0,1279.7896,5349745.5,2312.9492,0.0,820.7407,3931328.5,1982.7576,0.0,364.6065,849329.3,921.59064,0.0,1
h_05_8,23558.326,1189325800.0,34486.605,-288.4323,9783.816,159657740.0,12635.572,13.874863,3563.8916,27887022.0,5280.8022,-2.885685,1667.097,9044497.0,3007.4072,-1.4903107,936.75507,3472469.5,1863.4554,0.27586365,297.0344,300132.9,547.8439,-0.05986023,1
h_05_9,24111.455,1237552600.0,35178.867,-288.08203,9938.87,166872770.0,12917.919,-57.280872,3634.9646,28597012.0,5347.5996,0.71875,1669.4354,8472621.0,2910.7512,-0.9556885,939.557,3227186.5,1796.435,0.2671671,292.7849,271640.2,521.1911,-0.010190964,1
h_05_10,24145.79,1229172700.0,35059.555,-284.5745,10026.22,167803500.0,12953.834,-22.754951,3765.7964,30034572.0,5480.3687,-2.5546513,1819.0507,9486220.0,3079.9639,3.1076736,1079.5814,3959480.8,1989.8435,0.7626648,340.4222,352326.9,593.5713,-0.007577896,1
h_05_11,23965.266,1194548000.0,34562.234,-520.229,10274.425,178340860.0,13354.425,-23.035362,3886.5156,32581686.0,5708.0293,0.89549255,1777.4076,9543062.0,3089.1726,-5.944462,1073.6777,4074211.2,2018.4669,-0.21810746,344.61615,365282.47,604.38605,0.021627426,1
h_05_12,24510.9,1252497500.0,35390.64,-260.71408,10211.461,176651620.0,13290.918,23.889015,3836.5466,30838078.0,5553.1997,-8.491127,1853.9128,9921666.0,3149.8525,-2.194027,1056.3262,3874796.8,1968.4502,-1.0145001,329.51865,334888.3,578.6954,-0.014492989,1
t_04_471,19543.121,634998000.0,25199.166,112.590256,10655.903,209844080.0,14485.97,8.340149,4981.6216,42872380.0,6547.696,15.398678,2319.7102,9295940.0,3048.9233,0.5284729,1389.5974,3753660.2,1937.4359,-0.6531086,533.87805,638113.0,798.81976,-0.031471252,2
t_04_472,13570.553,345972830.0,18600.346,200.12701,8545.195,148314460.0,12178.437,-2.4439006,3872.4333,26925610.0,5188.9736,-23.581999,1616.0209,5168245.0,2273.3774,-1.2938048,620.4806,894129.94,945.58417,-0.095098495,234.80473,166605.2,408.173,-0.024774313,2
t_04_473,20510.982,690411900.0,26275.69,236.9812,7765.6733,119764580.0,10943.674,-6.037566,3839.533,28648630.0,5352.4097,-37.95822,1795.7542,6396821.0,2529.189,6.242775,661.01056,1008687.8,1004.3344,0.7928853,203.31168,105590.94,324.9476,-0.005645752,2
t_04_474,19582.318,626534900.0,25030.674,325.4356,9396.408,161424160.0,12705.276,-50.920555,4160.153,29997922.0,5477.013,-40.343933,1862.9246,6169821.0,2483.9124,-1.0667725,756.75574,1183652.8,1087.9579,1.2959418,266.0827,170822.31,413.30658,-0.12461662,2
t_04_475,19826.842,648463500.0,25464.94,35.04187,8162.7495,134146990.0,11582.036,-48.73175,3742.5886,27006440.0,5196.7505,-30.823395,1714.0304,5675832.0,2382.4006,4.645195,683.48486,1042035.9,1020.8016,0.36579895,212.76872,116992.96,342.04233,0.0887146,2
t_04_476,20854.941,692878200.0,26322.574,297.44675,10391.22,190333970.0,13796.153,-111.393776,4520.7817,35204184.0,5933.3105,-46.486057,1985.9191,6884946.5,2623.918,0.9161339,798.80304,1332585.6,1154.3739,-4.5462036,265.15573,163728.56,404.63385,-0.0780468,2
t_04_477,20063.115,649226750.0,25479.928,535.89246,10104.843,183159400.0,13533.638,-124.29581,4531.069,34869690.0,5905.0493,-28.094864,1925.3138,6407016.5,2531.206,-1.427002,762.2916,1192229.2,1091.8915,0.03252411,254.46825,158839.88,398.5472,-0.10663986,2
t_04_478,12865.928,349732400.0,18701.133,0.0,7510.0283,116931070.0,10813.398,0.0,3697.7378,26958690.0,5192.1743,0.0,1786.8191,6469078.0,2543.4377,0.0,648.16583,1025318.4,1012.57965,0.0,186.07533,113288.94,336.58423,0.0,2
t_04_479,12622.48,293868860.0,17142.604,-175.09221,7690.9287,137381650.0,11720.848,26.558762,4253.1753,41591440.0,6449.0986,-10.307074,2357.6082,13250908.0,3640.1794,-0.8837395,745.95825,1297483.5,1139.0708,-1.1954422,187.17622,97593.3,312.39926,-0.063727856,2
t_04_480,15711.432,444652500.0,21086.785,-221.89442,9848.603,230997840.0,15198.603,77.34514,4857.9917,53013220.0,7281.017,-27.668346,2753.3013,17410226.0,4172.556,-3.7713184,933.25385,2054721.8,1433.4293,-0.95539856,240.91254,158279.73,397.84384,0.23772717,2
t_04_481,16653.182,512094300.0,22629.5,-134.2893,10820.373,266873820.0,16336.2705,57.583023,5461.228,59120120.0,7688.961,-9.948484,3135.308,20578024.0,4536.3003,-7.2358055,977.8043,2006633.5,1416.5566,-4.241081,248.0058,146636.84,382.93192,-0.09780884,2
t_04_482,15028.438,393961500.0,19848.465,-30.684631,10188.558,215841570.0,14691.488,112.219574,4936.1763,45844944.0,6770.8804,-31.399443,2962.825,17206048.0,4148.0146,-0.08325195,955.52686,1885094.6,1372.9873,-2.6333046,229.73068,119359.48,345.4844,0.2058487,2
t_04_483,14764.739,388892500.0,19720.354,-268.62222,9164.834,191048750.0,13822.039,-6.854084,4622.5444,46741576.0,6836.76,22.638067,2645.406,15989258.0,3998.657,-3.615799,901.40686,1899060.9,1378.064,-2.5952892,227.91058,141781.6,376.53897,-0.05916977,2
t_04_484,19212.064,644827840.0,25393.459,-24.832642,13914.091,402426900.0,20060.578,154.69061,5702.3755,64057250.0,8003.5396,-13.080699,3608.199,26319426.0,5130.2456,-1.6148286,1234.4299,3183507.8,1784.2385,-1.1677246,346.52963,295870.4,543.9397,0.1733551,2
t_04_485,20103.41,802388740.0,28326.467,0.0,9311.736,179673220.0,13404.15,0.0,4313.947,39188270.0,6260.0005,0.0,1986.6735,8792553.0,2965.216,0.0,991.7916,2690520.8,1640.2805,0.0,321.25772,299972.38,547.6973,0.0,2
t_04_486,25896.953,1092650200.0,33055.26,-140.86719,12764.653,309878600.0,17603.336,-49.38931,5034.023,50401588.0,7099.378,-11.361183,2289.069,11272186.0,3357.403,-8.900803,940.0609,2621347.8,1619.0563,1.690937,277.2127,252933.36,502.92484,-0.28888702,2
t_04_487,26482.691,1111396000.0,33337.605,230.41992,16968.617,503815580.0,22445.836,-311.82343,7200.665,89795384.0,9476.043,52.35968,3247.7612,19015940.0,4360.726,8.655991,1502.2852,4722444.0,2173.117,3.693695,453.80597,469837.25,685.4468,-0.17411995,2
t_04_488,23622.32,918059400.0,30299.494,310.57812,13175.082,330623680.0,18182.979,-67.09308,5833.731,64513270.0,8032.014,10.234776,2665.6636,13926150.0,3731.7756,13.169434,1229.1377,3387957.8,1840.6404,-1.7745018,358.16403,340120.38,583.19836,0.19116211,2
t_04_489,25781.955,1084705400.0,32934.867,-207.26831,12596.446,301337250.0,17359.066,-46.2624,5001.7925,50214836.0,7086.1973,-37.298836,2222.4395,10906649.0,3302.521,-2.6415405,899.0468,2387590.8,1545.1816,2.4703674,303.3453,286663.4,535.40955,0.06994057,2
t_04_490,28445.617,1278859000.0,35761.14,552.80493,17770.549,536733570.0,23167.512,-365.2422,7591.7983,96623704.0,9829.687,-15.249565,3511.9988,21697580.0,4658.0664,-12.596062,1663.3921,5626801.5,2372.088,4.561249,509.54382,566510.94,752.6692,0.040885925,2
t_04_491,20405.467,791818000.0,28139.26,0.0,11804.412,317867900.0,17828.836,0.0,5490.3975,64857240.0,8053.367,0.0,2623.1667,13697437.0,3701.005,0.0,1206.8203,3409619.5,1846.5155,0.0,372.45703,376870.5,613.89777,0.0,2
t_04_492,15643.719,492192260.0,22185.406,-958.3921,5003.821,63919188.0,7994.9116,-20.153263,2499.2502,12483832.0,3533.2332,-4.4024897,1417.8793,3842012.8,1960.1001,1.238678,569.63104,770093.9,877.5498,0.68582535,184.15814,97660.84,312.50735,0.1107769,2
t_04_493,16045.3125,462666720.0,21509.69,-767.5532,5031.282,55239188.0,7432.306,-29.401073,2301.0015,10098236.0,3177.7712,-15.777206,1325.7035,3457657.8,1859.4778,3.1393127,512.4994,613481.1,783.25037,-0.34304428,150.4289,58741.445,242.36636,0.09089661,2
t_04_494,16808.975,521331740.0,22832.684,-790.2003,5810.2476,77110350.0,8781.214,-86.20872,2623.4067,13877899.0,3725.2625,-6.548023,1424.45,4141679.0,2035.1111,-1.4951324,571.87897,783053.0,884.9028,0.16053963,162.65204,63902.926,252.79028,-0.011146545,2
t_04_495,17076.66,548385540.0,23417.627,-1207.1833,4886.7554,61383416.0,7834.7476,-5.240781,2222.8252,10366244.0,3219.6638,0.53356934,1241.9885,3150737.0,1775.031,-1.1190557,489.87894,632842.7,795.5141,0.16987228,140.4497,65381.79,255.69862,-0.093761444,2
t_04_496,16536.16,491489100.0,22169.553,-730.1362,6256.236,90975070.0,9538.039,-62.580185,3052.7954,18228498.0,4269.3853,14.926571,1555.9089,4614072.0,2148.0388,-2.6154919,607.54913,847492.0,920.5929,1.4413567,172.95692,70127.125,264.81528,0.08531952,2
t_04_497,16805.252,510283040.0,22589.443,-926.76965,5025.31,56517892.0,7517.831,-41.005302,2107.2432,8652145.0,2941.453,-13.543083,1229.6245,3122430.2,1767.0398,2.1534195,475.52426,615675.2,784.6495,-0.54592896,145.1741,52629.8,229.41188,0.051130295,2
t_04_498,16120.086,506381900.0,22502.926,-222.88974,4823.732,54893936.0,7409.022,0.0,2636.4133,14699557.0,3833.9744,0.0,1486.5541,4774624.0,2185.0906,0.0,607.1655,920541.7,959.4486,0.0,174.8362,83939.8,289.72366,0.0,2
t_04_499,27729.602,1276530600.0,35728.566,-1303.9181,16271.843,480238270.0,21914.1,62.909557,7673.0703,100699520.0,10034.903,-16.423767,2818.8005,15145318.0,3891.697,-58.377304,1252.0363,4180110.0,2044.5315,-2.1412115,455.10968,628156.9,792.5635,-0.30470276,2
t_04_500,30345.129,1437485600.0,37914.176,-1073.3694,13503.457,362354340.0,19035.605,36.620354,5197.461,49862920.0,7061.3057,-20.039047,2375.5427,11099904.0,3331.6494,-7.069023,1306.5522,4076323.2,2018.989,-2.1032333,564.0785,942857.25,971.00836,0.59055805,2
t_04_501,30398.111,1453676200.0,38127.098,-1044.6909,14743.712,399047970.0,19976.012,-70.85876,5867.198,59981460.0,7744.6562,-21.560345,2729.719,15697602.0,3962.0166,-2.208908,1339.0028,4512116.0,2124.1733,-2.0768661,547.84503,848901.94,921.35876,0.13451385,2
t_04_502,31303.584,1563732000.0,39544.047,-1934.8676,14112.048,355673400.0,18859.22,36.79014,8224.706,110031496.0,10489.57,56.492172,3065.9785,16963384.0,4118.6626,-22.89389,1529.2874,5693998.5,2386.2097,0.9602661,582.8025,966091.75,982.89966,-0.28900146,2
t_04_503,28321.13,1239356000.0,35204.48,-1336.9133,11181.228,253824720.0,15931.869,80.26084,5073.1206,47371190.0,6882.6533,17.508652,2381.3157,11231522.0,3351.3286,-14.607971,1362.7876,4534976.0,2129.5479,-2.1697388,601.2804,1095782.4,1046.7963,-0.17225647,2
t_04_504,27618.717,1191301400.0,34515.227,-1465.6543,14393.1,384359700.0,19604.58,-17.762787,6305.1943,70385784.0,8389.475,-26.723862,2774.2275,14732099.0,3838.2417,-2.9353104,1402.7795,4676484.5,2162.5168,-2.2243404,578.2996,981785.44,990.8509,0.20762253,2
t_04_505,24530.45,1052254800.0,32438.459,0.0,11338.594,243222980.0,15595.5,0.0,5293.269,54862020.0,7406.89,0.0,2105.6987,8830764.0,2971.6511,0.0,1143.9989,3615486.5,1901.4417,0.0,481.32904,795673.3,892.00525,0.0,2
t_04_506,20105.184,673257100.0,25947.191,-79.134094,8453.372,126727864.0,11257.34,44.52335,3770.8362,26041974.0,5103.084,21.478065,2222.6584,9366855.0,3060.5288,4.8803053,1235.821,5026908.5,2242.0754,-3.150137,426.80734,778487.9,882.3195,-0.18488693,2
t_04_507,18544.186,591992600.0,24330.898,85.011,7144.5547,108038830.0,10394.174,23.633999,2961.3853,17625362.0,4198.2104,14.803915,2079.0242,8906760.0,2984.4194,9.590054,1399.398,6142815.5,2478.4678,1.3931885,499.01407,878644.4,937.36035,0.035127282,2
t_04_508,19655.73,640292540.0,25304.002,6.3878174,8765.053,140564030.0,11855.969,16.252743,3555.8027,23041028.0,4800.1064,24.799065,2446.3079,11101950.0,3331.957,14.714947,1687.3761,7573204.0,2751.943,-6.631958,606.144,1178982.6,1085.8097,0.46087646,2
t_04_509,19715.104,646983550.0,25435.87,35.522156,7985.283,114755944.0,10712.387,36.28726,3482.7988,22383234.0,4731.0923,-20.827871,1954.6995,7055620.0,2656.2407,12.748924,1000.44586,3142979.5,1772.845,-0.46850586,381.69653,526227.2,725.4152,-0.047016144,2
t_04_510,20695.643,705202600.0,26555.646,89.96509,7560.5376,109865736.0,10481.655,-4.0629044,3189.9795,19246818.0,4387.1133,17.194092,2192.381,9445150.0,3073.2932,13.359592,1386.7825,5689041.5,2385.1697,0.36916733,466.80542,765593.06,874.98175,0.66761017,2
t_04_511,20041.092,654074600.0,25574.88,176.70331,10291.702,191216400.0,13827.969,127.986755,4156.465,30776042.0,5547.592,29.047066,2634.83,12304796.0,3507.7607,1.3757477,1963.1852,9524467.0,3086.1736,2.4662113,749.35876,1722018.9,1312.2572,0.5622673,2
t_04_512,16962.346,521213100.0,22830.09,0.0,8805.945,160498960.0,12668.791,0.0,4169.303,35066624.0,5921.683,0.0,2525.228,12738488.0,3569.0903,0.0,1695.0045,6458962.0,2541.447,0.0,655.6512,1060898.4,1029.9993,0.0,2
t_04_513,21447.895,731398700.0,27044.38,-502.5879,9440.871,184414030.0,13579.21,145.51828,4841.102,44073480.0,6638.6484,-40.514954,2895.4143,15731301.0,3966.2458,-33.626404,1896.4271,7043329.0,2653.9248,3.3341522,805.11176,1298825.2,1139.6602,0.82714844,2
t_04_514,18682.906,558758900.0,23638.082,-372.60986,9934.276,194830960.0,13958.177,-33.518776,5781.3516,62341264.0,7895.639,27.998886,3617.9111,25793314.0,5078.645,-29.958054,2316.4785,10395287.0,3224.158,2.6339397,905.936,1790910.5,1338.2491,0.79574203,2
t_04_515,17314.846,494787650.0,22243.822,-544.64594,8289.71,145497090.0,12061.574,-63.152798,4948.8057,45817044.0,6768.8,-50.1081,3119.7693,17970866.0,4239.187,-20.322397,2103.582,8076663.5,2841.9468,-4.4199066,837.4952,1342400.0,1158.6199,0.40426826,2
t_04_516,20740.574,680954800.0,26095.111,-389.5161,9477.899,186220380.0,13646.206,31.117321,5035.895,47546490.0,6895.191,57.91503,3216.7346,19321546.0,4395.578,-38.907494,2130.5547,8728678.0,2954.4265,0.03849411,870.3231,1543631.2,1242.4296,1.8275223,2
t_04_517,18097.77,525031100.0,22913.559,-320.11578,9562.16,176165780.0,13272.476,63.378067,5583.732,57952890.0,7612.68,10.145128,3506.0522,24207020.0,4919.982,-43.918697,2253.5103,9804835.0,3131.2654,-6.848816,880.92896,1669741.4,1292.1847,1.4107666,2
t_04_518,15776.781,463541100.0,21530.002,0.0,7578.684,137704600.0,11734.691,0.0,3642.0132,31271376.0,5592.065,0.0,2352.615,12524957.0,3539.0544,0.0,1245.4413,3839570.0,1959.482,0.0,433.81824,512579.56,715.9466,0.0,2
t_04_519,19672.45,624247600.0,24984.947,473.42694,7120.279,97696104.0,9884.078,37.92156,3486.0918,23563346.0,4854.1987,-14.608498,2194.8516,9751589.0,3122.749,-5.9756317,1148.1719,2834580.2,1683.6196,0.4421444,384.84354,313710.84,560.09894,0.11013603,2
t_04_520,18319.5,549349600.0,23438.207,467.97552,7236.664,107758490.0,10380.644,-72.564575,3466.963,22862624.0,4781.455,-12.106594,2321.264,10304554.0,3210.0493,-6.7572784,1126.2673,2685859.2,1638.859,-2.184246,374.91092,330582.53,574.9631,0.047096252,2
t_04_521,20349.477,656049500.0,25613.463,307.4088,7813.894,122219176.0,11055.257,43.958122,3293.7312,20185032.0,4492.773,-11.002411,1981.0464,7695433.5,2774.0535,-3.972578,989.41974,2185592.8,1478.375,-1.0914459,351.6624,263658.8,513.4772,0.19721603,2
t_04_522,18735.818,574919360.0,23977.477,149.78326,8819.74,154502060.0,12429.881,19.200647,4116.9673,30906956.0,5559.401,-17.713678,2634.2751,12578608.0,3546.6282,-7.754505,1192.3813,2933345.5,1712.7007,-3.2114258,367.72052,304241.94,551.5813,0.5195236,2
t_04_523,22140.06,864074300.0,29395.137,-6.0802,9608.564,182567200.0,13511.728,0.0,4679.5127,41142468.0,6414.2383,0.0,2656.4336,13731179.0,3705.544,0.0,1426.8558,4259602.5,2063.88,0.0,596.0283,810779.2,900.4328,0.0,2
t_04_524,27325.803,1187682700.0,34462.75,-1769.8522,10580.245,215907550.0,14693.726,199.33127,5053.75,47012580.0,6856.566,56.47641,2884.9934,15379135.0,3921.624,2.999321,1827.227,6289247.5,2507.8374,-0.4053955,826.31396,1279315.2,1131.0682,0.7932892,2
t_04_525,25048.57,1016408200.0,31881.156,-1109.2871,13429.014,366293120.0,19138.777,179.46475,6782.226,86196510.0,9284.2,29.393082,3347.2185,20845664.0,4565.7046,13.236122,1937.9672,6846067.5,2616.4985,-2.3322806,848.04895,1311288.5,1145.1151,0.41868412,2
t_04_526,26747.098,1151952500.0,33940.42,-1564.422,9294.525,157125330.0,12534.96,5.0487823,5428.3403,51881828.0,7202.9014,4.1422396,3019.7864,16364314.0,4045.2822,-8.664032,1829.8785,6243361.5,2498.6716,-1.025116,842.146,1343059.5,1158.9044,1.6148071,2
t_04_527,27645.588,1210377000.0,34790.473,-1698.4661,10416.712,206396380.0,14366.477,169.90335,5063.2783,47066068.0,6860.4688,28.946388,2868.729,15297953.0,3911.2598,-2.4936676,1802.3854,6105246.0,2470.879,-0.03579712,814.0004,1237556.5,1112.4552,0.40120888,2
t_04_528,24773.611,996519230.0,31567.656,-1120.6517,13934.628,388574560.0,19712.293,157.18484,6765.629,86361350.0,9293.081,62.565308,3356.004,20964210.0,4578.6685,24.416504,1926.6211,6741031.5,2596.3484,1.9177189,840.4884,1283407.0,1132.8755,-0.7384968,2
t_04_529,24357.47,1019307970.0,31926.598,-64.17192,9609.796,171665360.0,13102.112,0.0,5256.4565,51985530.0,7210.087,0.0,2776.828,15371264.0,3920.6208,0.0,1543.4006,5201051.5,2280.5806,0.0,732.0682,1207586.9,1098.9026,0.0,2
t_04_530,28332.281,1341802100.0,36630.617,-874.46826,14643.488,406647900.0,20165.514,-67.317184,6277.8975,74024820.0,8603.741,-138.47458,3120.1038,17908882.0,4231.8867,39.44521,2043.3479,8964159.0,2994.0203,-4.8980255,758.06537,1517251.5,1231.7676,-0.10468292,2
t_04_531,29652.137,1444795800.0,38010.47,-1496.2805,9884.635,184112380.0,13568.767,0.28115654,4460.892,36812240.0,6067.288,-15.177567,2500.1794,11799157.0,3434.989,4.95858,1485.0397,5552273.0,2356.3064,-2.4989414,616.70844,1240807.9,1113.9155,-0.17237091,2
t_04_532,27968.477,1273571800.0,35687.133,-783.907,16330.95,464885540.0,21561.107,-196.58348,6133.398,68090960.0,8251.714,-36.50013,3040.6992,16846420.0,4104.431,10.019093,2115.5037,9183265.0,3030.383,-2.7310295,872.7891,1747147.4,1321.797,-0.15426636,2
t_04_533,28532.432,1370337700.0,37018.06,-847.90125,11041.194,223070960.0,14935.562,-6.9429436,4851.3115,42671770.0,6532.3394,-28.109127,2887.3315,15047257.0,3879.0789,14.0499115,1508.088,5079241.0,2253.716,1.3737946,588.053,1049029.1,1024.2212,0.2596588,2
t_04_534,28997.605,1390276000.0,37286.395,-897.7219,12900.204,337926500.0,18382.7,-29.157562,5371.05,53713220.0,7328.93,-49.77039,2811.4465,14794178.0,3846.3193,-0.06337166,1887.6288,8069940.0,2840.7607,-1.6334381,757.633,1519120.1,1232.5259,-0.13366699,2
t_04_535,28814.834,1354777500.0,36807.29,-711.6992,15558.242,450450700.0,21223.6,-206.15836,6159.849,68984860.0,8305.699,-65.37793,3007.7378,16024653.0,4003.079,34.14421,2285.7021,10238380.0,3199.7468,-9.166481,978.10474,2121763.0,1456.6273,0.07580185,2
t_04_536,24442.412,1043557250.0,32304.135,-289.56555,14867.492,410793200.0,20267.94,-226.90262,6037.0347,65394324.0,8086.657,-44.865036,3089.8774,17093436.0,4134.418,1.8601673,1997.192,8124436.5,2850.339,-5.9905033,863.46027,1650637.6,1284.7715,0.0,2
t_04_537,16777.646,506943460.0,22515.404,-383.7401,6613.4204,76909730.0,8769.819,36.283237,3706.6309,24430554.0,4942.7188,-19.483582,2006.1519,7563539.5,2750.1885,1.3452044,991.1499,2135211.0,1461.2358,-1.5434113,345.68402,279629.5,528.80005,0.19941711,2
t_04_538,20227.445,694028100.0,26344.412,-575.0774,8901.305,167753520.0,12951.95,3.7634134,4160.564,32703880.0,5718.7275,8.944843,2460.3696,11352251.0,3369.3093,5.4294586,1242.6316,3122286.5,1766.9993,-2.662733,409.39807,366002.5,604.9814,-0.041103363,2
t_04_539,19349.105,619632900.0,24892.424,-381.3086,9942.247,182833040.0,13521.55,-11.337376,5232.357,49193920.0,7013.6543,-14.397495,2771.6719,13904900.0,3728.9219,1.7070637,1503.8154,4361406.5,2088.398,-5.4012184,514.4728,545589.7,738.6405,-0.32005024,2
t_04_540,14347.002,401213300.0,20030.309,-493.65204,6019.8354,68491230.0,8275.93,-11.531059,3315.6904,20674126.0,4546.8438,14.764278,1927.5599,7116838.5,2667.7397,4.225891,1033.2688,2233451.2,1494.4736,-1.1285286,341.53485,279244.7,528.4361,0.047599792,2
t_04_541,19193.223,612775300.0,24754.299,-364.68506,9803.288,173600030.0,13175.722,67.39201,5399.7153,51949308.0,7207.3696,112.96336,2950.4565,15495540.0,3936.435,-2.1936035,1590.2275,4848289.5,2201.8823,0.07560158,552.4925,611073.5,781.7119,-0.2299037,2
t_04_542,18873.217,600265540.0,24500.316,-146.60876,10245.571,180351680.0,13429.492,10.582394,5984.794,62992676.0,7936.7935,64.447174,2917.263,15167145.0,3894.4978,17.943115,1550.4366,4528485.5,2128.0195,-0.8665886,536.5782,585187.94,764.97577,-0.38424206,2
t_04_543,18957.168,755766600.0,27491.207,0.0,10346.206,228837860.0,15127.337,0.0,4630.4976,42554410.0,6523.325,0.0,2479.7822,12305147.0,3507.8618,0.0,1554.3777,5489559.0,2342.9792,0.0,657.0807,1078776.9,1038.6418,0.0,2
t_04_544,25872.326,1116022800.0,33406.926,-89.65964,9634.502,171558110.0,13098.015,-47.843716,3929.0415,28744834.0,5361.416,-34.477837,2038.7886,7786094.0,2790.352,-2.22781,1366.9478,4724616.5,2173.617,-1.4978809,607.6831,943059.44,971.1125,0.020893097,2
t_04_545,25172.459,1061688400.0,32583.555,-236.79956,11817.938,257971500.0,16061.446,-62.318954,5034.05,46988812.0,6854.829,-18.567993,2212.1243,8679563.0,2946.0898,-5.36467,1362.5615,4057368.5,2014.2903,-4.3154297,629.1349,875538.94,935.7024,0.06679726,2
t_04_546,24148.459,979862850.0,31302.76,-175.7481,11102.26,225390480.0,15013.009,42.03469,4869.2793,42398416.0,6511.3296,-22.757679,2261.56,9023432.0,3003.9028,13.396957,1409.4226,4142304.0,2035.255,-7.0194397,715.84503,1118789.4,1057.7284,-0.31064224,2
t_04_547,25260.146,1063816700.0,32616.203,-62.83612,10161.9,187998500.0,13711.254,-40.352222,4070.7126,29179590.0,5401.813,-23.074234,1974.4318,7135885.0,2671.292,12.810501,1262.8696,3868049.5,1966.7357,-5.759575,569.0649,807474.0,898.5956,0.013847351,2
t_04_548,24602.104,1001118800.0,31640.46,98.47864,12552.6455,285172450.0,16887.047,26.93599,5143.0503,48064224.0,6932.8193,-38.51809,2277.9792,9117526.0,3019.5227,-4.101074,1508.2723,4745863.5,2178.5002,-4.33107,697.5504,1023795.2,1011.8277,0.7270355,2
t_04_549,18310.846,672274940.0,25928.266,0.0,9648.79,203897250.0,14279.259,0.0,3747.3528,29139984.0,5398.1284,0.0,1669.0264,5846855.5,2418.0273,0.0,1014.76733,2707738.2,1645.5204,0.0,480.02884,685697.56,828.0686,0.0,2
t_04_550,10142.723,197845200.0,14065.743,-319.06857,2889.6953,15995207.0,3999.4006,-5.929247,1546.5143,4580122.0,2140.0723,6.014675,939.2741,1746830.4,1321.677,-0.9327717,283.4304,210800.64,459.1303,-0.13450623,71.12579,17607.549,132.69344,0.047122955,2
t_04_551,13556.864,319590240.0,17877.08,-267.9355,4357.883,36686680.0,6056.935,-30.941467,1735.6683,5967834.0,2442.913,-7.8234034,947.84283,1849806.8,1360.0754,-0.725235,365.393,493013.84,702.14874,-0.08325195,99.99441,46858.348,216.4679,0.037436485,2
t_04_552,13950.632,335792900.0,18324.652,-183.51212,7088.6694,102142504.0,10106.558,-90.38464,2659.442,13304084.0,3647.4731,-13.469166,1321.4347,3214171.8,1792.8113,-2.480425,462.12653,486781.97,697.69763,0.46082687,110.86081,38323.5,195.76389,0.02067566,2
t_04_553,11828.22,261864880.0,16182.235,-337.29572,3723.7886,30396420.0,5513.2944,-17.269188,1927.4081,7157889.5,2675.4219,-19.063854,1153.1495,2630117.8,1621.7635,-3.3093014,340.31476,271867.12,521.4089,0.68042755,92.46176,26089.318,161.52188,0.06807637,2
t_04_554,13100.977,298489820.0,17276.855,-389.98358,4181.537,35437692.0,5952.9453,-54.707573,1534.9415,4816751.0,2194.7078,7.5872307,811.9737,1419077.5,1191.2499,-1.3649173,305.90494,305883.28,553.06696,-0.087898254,83.31313,29624.166,172.11671,0.0018789768,2
t_04_555,14113.225,346502000.0,18614.562,-333.1,6818.147,93252530.0,9656.705,-49.367554,2542.682,12573601.0,3545.9272,-2.8050086,1303.8512,3329490.5,1824.6885,-1.1205978,482.8174,614686.3,784.0192,0.17505455,123.064606,56902.953,238.54341,0.18385005,2
t_04_556,13811.584,350036540.0,18709.254,0.0,5384.697,60896256.0,7803.6055,0.0,2329.0562,10798481.0,3286.1045,0.0,1302.0746,3593994.2,1895.7753,0.0,562.50006,1231387.8,1109.6792,0.0,207.68515,314189.56,560.5261,0.0,2
t_04_557,20620.451,701377200.0,26483.525,57.501038,8557.775,143920640.0,11996.687,14.993729,5033.492,42746636.0,6538.0874,32.65638,3480.0818,20556116.0,4533.865,-9.846653,2307.1958,9601330.0,3098.5947,2.5527897,1207.1906,2678399.8,1636.5818,0.46523,2
t_04_558,25620.648,1053944600.0,32464.506,-169.01624,9984.572,196746160.0,14026.521,4.808368,4757.822,38420930.0,6198.4604,35.662098,3430.827,19860900.0,4456.5566,-8.347965,2184.464,8886079.0,2980.9517,1.9177628,1081.7401,2159084.8,1469.3824,-1.3392982,2
t_04_559,27557.873,1186829200.0,34450.383,-275.00415,15747.21,450201700.0,21217.955,257.76617,5726.264,57033840.0,7552.063,81.699066,3527.7854,21711914.0,4659.6035,12.309433,2211.1733,9383054.0,3063.175,-2.0388832,1100.0176,2232926.8,1494.2981,0.54961395,2
t_04_560,22193.396,799522400.0,28275.824,-206.86383,10453.812,227995060.0,15099.502,21.298681,5402.935,48561076.0,6968.573,1.4887943,3642.4878,22026794.0,4693.2705,-1.2975769,2186.396,8450895.0,2907.0422,-3.0916977,1113.0544,2292030.0,1513.9452,0.080078125,2
t_04_561,26004.467,1076813000.0,32814.824,-467.761,10329.138,213468670.0,14610.545,87.377716,4714.03,38104236.0,6172.7773,104.92726,3302.2458,18763340.0,4331.6665,1.3796234,1963.2047,7350915.5,2711.2568,-3.21389,957.67377,1696161.6,1302.3677,-0.101573944,2
t_04_562,26118.021,1075122800.0,32789.066,-787.34125,15402.55,439305400.0,20959.613,433.85928,5608.1875,55937776.0,7479.115,31.20679,3244.909,18420440.0,4291.9023,15.262695,2172.4326,9045638.0,3007.5928,1.5364914,1080.7186,2175667.0,1475.0143,0.46775055,2
t_04_563,18012.164,597719740.0,24448.307,0.0,10675.928,238720900.0,15450.548,0.0,4760.457,43015610.0,6558.566,0.0,2663.3691,13890991.0,3727.048,0.0,1470.0288,5141766.0,2267.5457,0.0,674.85156,1265865.0,1125.1067,0.0,2
t_04_564,14044.639,351715600.0,18754.078,-115.47418,4814.2417,53650630.0,7324.659,-30.79134,1810.4443,7867020.0,2804.8135,0.6314254,912.30975,1891201.5,1375.2081,-1.7274332,379.74118,492495.94,701.78033,-0.6374154,118.36098,82582.64,287.37195,-0.036049843,2
t_04_565,15787.55,442611420.0,21038.33,-335.28018,5761.754,70998460.0,8426.037,47.439384,2178.3987,9304185.0,3050.2727,-11.526535,1188.1792,2911988.8,1706.4546,-1.665741,451.8209,612000.7,782.3046,-0.7725792,139.39708,88494.16,297.47968,0.0104084015,2
t_04_566,18149.602,566981600.0,23811.371,111.603836,14990.933,426977400.0,20663.43,-103.50251,4329.3125,36370796.0,6030.8203,30.78849,1611.1885,4765749.5,2183.0596,4.371788,714.16583,1309328.0,1144.2556,-1.5368881,229.40945,181347.67,425.84937,0.027750969,2
t_04_567,13631.658,331722430.0,18213.24,-166.60126,6640.733,102998136.0,10148.72,-73.79512,2744.194,17238646.0,4151.941,-1.4044304,1245.9038,3291457.2,1814.2328,0.14859009,497.20007,647465.56,804.65,-1.1725845,148.9941,74584.36,273.10138,0.090969086,2
t_04_568,15483.134,421447740.0,20529.191,-118.10867,4783.01,48048576.0,6931.704,-26.39904,1916.9259,7721015.0,2778.6675,0.8318691,1075.7891,2522785.5,1588.3274,1.2319717,414.55594,596482.44,772.32245,-0.45644188,126.19939,89226.91,298.70874,0.037391663,2
t_04_569,18185.363,569820900.0,23870.92,71.678345,11897.637,284285980.0,16860.701,-33.039158,3676.8416,26711518.0,5168.316,15.484776,1480.0374,4058613.8,2014.5986,-0.8414917,625.7534,981187.3,990.5487,-1.6799469,204.49261,129822.016,360.30823,-0.093587875,2
t_04_570,14892.21,431372200.0,20769.5,0.0,13813.696,436725440.0,20897.967,0.0,4495.8774,42281996.0,6502.4536,0.0,1722.409,6164174.0,2482.775,0.0,734.02716,1497652.2,1223.7861,0.0,228.49388,193487.4,439.87204,0.0,2
t_04_571,15209.921,425795700.0,20634.816,226.35568,10095.908,213220380.0,14602.064,-8.294767,4825.3384,48185664.0,6941.5894,-50.297417,2458.4739,11744180.0,3426.9785,-9.101616,1130.6897,2931500.0,1712.1624,-4.108429,406.4095,426094.47,652.7591,-0.2508583,2
t_04_572,19372.984,612712600.0,24753.031,351.79407,11788.54,291461920.0,17072.014,-71.02504,4649.4087,44331744.0,6658.1934,-38.37201,2677.7388,14471558.0,3804.15,-10.74366,1092.8806,2642438.2,1625.5579,0.56970215,397.23416,379315.28,615.88574,-0.059921265,2
t_04_573,19868.03,657267400.0,25637.227,436.23352,14635.228,383496030.0,19582.824,-136.92892,6641.8037,78325944.0,8850.192,-48.739353,3566.9126,22259704.0,4718.0176,7.678482,1607.4855,4958764.5,2226.8247,3.6882534,569.328,689063.44,830.09845,-0.9776001,2
t_04_574,17528.219,538672800.0,23209.324,-9.164093,11206.187,274818370.0,16577.643,-43.410347,5083.0195,53268250.0,7298.496,-30.163422,2707.2349,14175250.0,3765.0037,-2.3886223,1234.0125,3592251.0,1895.3204,0.68655396,448.738,554158.6,744.41833,0.036607742,2
t_04_575,18190.148,541754700.0,23275.625,278.7079,12499.258,295214530.0,17181.44,127.91153,5091.6963,48154948.0,6939.36,-49.55007,2932.7246,15927650.0,3990.946,-2.7392044,1149.2029,2772650.5,1665.1276,-0.17896461,395.51984,360132.97,600.1108,-0.8018799,2
t_04_576,14348.557,356443780.0,18879.717,237.92078,11833.76,256889020.0,16027.73,-92.664474,5711.6255,59708500.0,7727.127,-44.877327,2610.8467,11890896.0,3448.3176,-12.744553,1240.7986,3133211.5,1770.0867,-3.1625519,451.8974,465604.8,682.3524,-0.019573212,2
t_04_577,18105.57,770987650.0,27766.664,0.0,9577.305,194397580.0,13942.405,0.0,4667.247,48372230.0,6955.012,0.0,2231.6296,10030215.0,3167.0464,0.0,875.44037,1683075.4,1297.3336,0.0,269.9,187185.61,432.64954,0.0,2
t_04_578,40542.09,2527066600.0,50269.938,624.4201,7156.578,99704180.0,9985.185,-8.816315,2896.3691,16275504.0,4034.2856,13.44799,2156.9016,9372233.0,3061.41,-0.076366425,1275.0377,3634185.5,1906.3535,-6.3582153,408.56427,402230.12,634.2161,-0.0051059723,2
t_04_579,33072.734,1688838800.0,41095.484,-422.86914,14186.471,339612480.0,18428.002,46.83206,6300.0537,70748990.0,8411.233,35.88813,3705.5076,24576014.0,4957.419,14.91864,1506.622,4684480.0,2164.3655,-4.536949,400.91534,375714.8,612.9558,0.45954895,2
t_04_580,35128.05,1916471700.0,43777.523,123.51538,12217.54,263090660.0,16220.068,75.21556,5601.4253,60872700.0,7802.001,-40.656292,3353.361,20942180.0,4576.258,9.011024,1494.7305,4576433.0,2139.26,-5.1355743,441.54773,458150.7,676.8683,-0.14420319,2
t_04_581,34316.773,1843312500.0,42933.816,-186.23401,12736.638,279875520.0,16729.44,-34.66259,5525.7134,57352424.0,7573.1367,0.115703404,3204.9143,19341708.0,4397.893,-21.204605,1375.1355,3780691.5,1944.3994,-1.7932434,430.7148,410465.9,640.67615,-0.033885956,2
t_04_582,33650.215,1778156400.0,42168.19,128.25,14322.095,354972130.0,18840.133,105.74255,6149.497,70992670.0,8425.714,-3.7980576,3544.9753,23186786.0,4815.265,11.96347,1574.4819,5181954.0,2276.3901,-0.05833435,447.65244,472231.8,687.1912,0.049297333,2
t_04_583,23544.244,1088599800.0,32993.934,0.0,15876.719,519246980.0,22786.742,0.0,6462.156,85341730.0,9238.058,0.0,3237.123,21505698.0,4637.4233,0.0,1252.8019,3510062.2,1873.5159,0.0,344.83856,299206.9,546.9981,0.0,2
t_04_584,17376.787,532313660.0,23071.924,192.00371,11407.036,263953620.0,16243.415,177.86241,5557.7817,76766630.0,8761.656,-25.175041,2131.7268,10357656.0,3218.3298,-4.657933,655.1178,1687012.0,1298.8495,0.42066956,161.55011,127021.33,356.4005,-0.28373718,2
t_04_585,19286.666,685592100.0,26183.814,21.15506,11103.364,289211140.0,17006.15,-5.3539066,3965.362,34875070.0,5905.5054,3.4198694,1535.6588,7882495.5,2807.5723,3.3734818,559.3283,1682074.1,1296.9478,-0.81482315,134.55502,77771.62,278.87564,-0.094781876,2
t_04_586,21545.04,801819000.0,28316.408,217.63947,13866.19,397850080.0,19946.156,-15.554535,5736.0576,76656030.0,8755.342,-16.617786,1648.5363,5543146.0,2354.3884,-5.3449097,523.1185,763174.1,873.59814,-0.9999161,127.77383,45752.305,213.89787,0.0031647682,2
t_04_587,20637.422,741656770.0,27233.375,267.7482,12449.493,294292060.0,17154.941,-11.368294,5628.055,71436216.0,8451.994,2.807414,2263.697,11187581.0,3344.7832,-5.1120872,729.4897,1862491.2,1364.7311,0.9038811,179.93126,126805.37,356.0974,-0.19628906,2
t_04_588,20600.455,746488500.0,27321.943,98.93762,11974.974,304900900.0,17461.41,56.35719,4382.7275,41968972.0,6478.344,-0.348804,1606.4653,6839736.0,2615.288,0.097195625,535.6077,1167271.1,1080.4026,-1.1094074,130.42967,60546.71,246.06241,-0.067237854,2
t_04_589,20102.26,723260350.0,26893.498,73.664734,13405.6045,410384160.0,20257.928,-56.037,5483.3154,71910770.0,8480.0,5.6709213,1797.0494,7504858.5,2739.4998,-2.2023692,590.39026,1222592.0,1105.7087,-0.130867,139.97939,64776.34,254.51196,-0.23712158,2
t_04_590,21469.424,808835460.0,28440.033,0.0,13546.036,321369250.0,17926.766,0.0,5729.4307,58987416.0,7680.319,0.0,3130.3704,18655136.0,4319.1543,0.0,1442.8951,5276865.0,2297.1396,0.0,514.815,827487.44,909.66345,0.0,2
t_04_591,25491.047,1035608300.0,32180.867,206.3057,11690.375,229896830.0,15162.101,113.22171,4959.378,42028268.0,6482.911,-28.19416,3124.6047,17174488.0,4144.1924,1.8225098,2014.6698,8509857.0,2917.1648,-5.435173,753.837,1259079.8,1122.0873,-0.13883209,2
t_04_592,25031.723,984702300.0,31379.965,172.9859,13267.287,285507200.0,16896.945,44.163967,5608.5967,50854490.0,7131.093,12.37692,3361.7048,19359992.0,4399.9927,3.8300781,2065.204,8504291.0,2916.2097,-6.4573727,760.7905,1225163.5,1106.8711,0.61544895,2
t_04_593,24577.805,970254400.0,31148.906,0.38781738,12865.282,270039100.0,16432.865,24.474304,5643.736,52961916.0,7277.4683,12.518035,3187.5015,17653530.0,4201.6104,14.244968,1919.5929,7898017.5,2810.3364,-2.938202,697.8251,1091402.8,1044.7023,0.6511922,2
t_04_594,24659.42,973451900.0,31200.191,227.94312,13308.462,285017340.0,16882.355,-14.230314,5510.756,49492130.0,7035.0576,-21.42366,3296.4648,18737084.0,4328.6216,21.039957,2167.929,9485881.0,3079.9153,-6.44934,781.02545,1277202.1,1130.1337,0.05378723,2
t_04_595,25712.977,1036178000.0,32189.719,50.5401,13063.697,275393150.0,16594.965,42.938225,5469.5474,48586530.0,6970.011,48.459267,3224.0686,18188696.0,4264.8193,14.900421,1989.7515,7824938.5,2797.309,-3.3632889,724.59534,1113826.9,1055.38,-0.16958618,2
t_04_596,14174.754,455363620.0,21339.25,0.0,10111.354,218377020.0,14777.57,0.0,4414.5903,45981604.0,6780.9224,0.0,2163.6125,12161680.0,3487.36,0.0,1134.0051,4053153.8,2013.2429,0.0,392.83234,541615.75,735.9455,0.0,2
t_04_597,17689.365,545200900.0,23349.537,345.60254,12568.643,287674020.0,16960.904,-200.2203,6212.5317,76235320.0,8731.284,-48.081314,2544.907,12564767.0,3544.6804,-8.079208,1121.4436,3170609.8,1780.6206,3.1860056,377.76352,457648.7,676.4974,-0.12220001,2
t_04_598,20314.387,681381570.0,26103.281,425.97797,12374.673,288786940.0,16993.57,-141.3617,6380.9062,76922080.0,8770.519,-67.913284,2893.0234,17124852.0,4138.2173,4.919693,1190.5433,4420694.5,2102.5442,8.115967,353.91162,406169.7,637.3144,-0.12031555,2
